id,brand,title,category,description,volume,retail_price,partner_price,image,source_image,source_page,needs_review
catalog-409-1,LIMANCY,"Увлажняющая Воздушная Подушка 001-Ярко-Белый Консилер Легкий и светлый, как будто вы не наносите макияж",Декоративная косметика,"Одна коробочка, много полезных свойств. Консилер и уход за Увлажняющий, Высокая степень покрытия Легко увлажняет, Шелковистая и мягкая, Легкий и полупрозрачный;Водостойкий Технология тройной гидрофобной обработки цветной Увеличивает покрытие продукта, обеспечивает шелковистое и гладкое Подберите для себя подходящий оттенок: #001 Ярко-Белый: Подходит для обладательниц светлой кожи и тех, кто предпочитает более яркий макияж:",,,,assets/img/products/catalog-409-1.jpg,assets/catalog-source/img409.jpg,409,False
catalog-409-2,LIMANCY,"Увлажняющая Воздушная Подушка 002-Натуральный Консилер Легкий и светлый, как будто вы не наносите макияж",Декоративная косметика,"Одна коробочка, много полезных свойств. Консилер и уход за Увлажняющий; Высокая степень покрытия, Легко увлажняет, Шелковистая и мягкая, Легкий и полупрозрачный; Водостойкий Технология тройной гидрофобной обработки цветной Увеличивает покрытие продукта, обеспечивает шелковистое и гладкое Подберите для себя подходящий оттенок: #002 Натуральный: Подходит для темных тонов кожи или для тех, кто хочет",,,,assets/img/products/catalog-409-2.jpg,assets/catalog-source/img409.jpg,409,False
catalog-411-1,LIMANCY,крем для тела и ненакрашенного лица Нежная кремовая текстура | естественное затемнение нет необходимости снимать макняж | чистый и приятный аромат,Декоративная косметика,"Множество эффектов, питает естественную кожу: Предотвращает отслаивание пота и макияжа Цвет натуральный, а не искусственно белый Увлажняет и не оставляет жирного блеска Наносит на кожу, не допуская прилипания пудры Уровень увлажненности лосьона Макияж и уход два в одном",,,,assets/img/products/catalog-411-1.jpg,assets/catalog-source/img411.jpg,411,true
catalog-411-2,LIMANCY,Чистый и безупречный консилерной крем Маскирует дефекты кожиделает ее чистой и увлажненной не липкой и не жирной подходит по текстуре и скрывает недостатки,Декоративная косметика,"Изменяет тон кожи, скрывает темные пятна, создает Разглаживает поры, текстура крема легко впитывается в кожу. создавая ощущение легкости и красивый макияж. Делает кожу влажной и сияющей, увлажняет и сохраняет ее светлой, легкая и менее склонной к прилипанию пудры. Консилер для ухода за кожей с различными Ниацинамид смягчает кожу и помогает сохранить макияж Сквалан и глутатион увлажняют и питают кожу, улучшают ее",50 г,,,assets/img/products/catalog-411-2.jpg,assets/catalog-source/img411.jpg,411,False
catalog-412-1,LIMANCY,"Карандаш для бровей использует более плоский край для мягких трихов, для создания естественного вида,",Декоративная косметика,"пответствует форме бровей, не размазывается, и легко создает очаровательный макияж бровей.",,,,assets/img/products/catalog-412-1.jpg,assets/catalog-source/img412.jpg,412,False
catalog-413-1,LIMANCY,Жидкая подводка для глаз Дает четкую линию с первого взмаха Пигмент быстро высыхает на коже,Декоративная косметика,Специальный водоотталкивающий макияж Позволяет добиться идеально тонких линий. Нелегко размывается. Легко рисует четкие стрелки.,"0,5 мл",,,assets/img/products/catalog-413-1.jpg,assets/catalog-source/img413.jpg,413,False
catalog-414-1,LIMANCY,"Губная помада телесного цвета Цветовой код: 001 Атмосферные оттенки, ретро и мягкие, для пухлых губ",Декоративная косметика,"Текстурированный дизайн с оттенком класса Минималистский эстетичный дизайн корпуса тубуса в подходящей сине-золотой цветовой гамме. Специальная маститая застежко с тикритом для песково крепления и Нелипкий тон, мягкая текстура, шелковистая гладкость и не",,,,assets/img/products/catalog-414-1.jpg,assets/catalog-source/img414.jpg,414,False
catalog-414-2,LIMANCY,"Губная помада телесного цвета Цветовой код: 002 Атмосферные оттенки, ретро и мягкие, для пухлых губ",Декоративная косметика,"Текстурированный дизайн с оттенком класса Минимапистский эстетичный дизайн корпуса тубуса в подходящей сине-золотой цветовой гамме. Специальная магнитная застежка стикино для легкого крепления и Нелипкий тон, мягкая текстура, шелковистая гладкость и не",,,,assets/img/products/catalog-414-2.jpg,assets/catalog-source/img414.jpg,414,False
catalog-415-1,LIMANCY,Бальзам для губ Питает и увлажняет губы. Делает цвет губ более насыщен-,Декоративная косметика,ным. Бальзам богат различными растительными маслами и жира- ми для увлажнения и защиты губ. Бальзам на губах будет менять свой цвет в зависимости от темпе- ратуры тела и значения рН кожи.,"2,8 г",,,assets/img/products/catalog-415-1.jpg,assets/catalog-source/img415.jpg,415,true
catalog-415-2,LIMANCY,Бальзам для губ Питает и увлажняет губы. Делает цвет губ более насыщен-,Декоративная косметика,ным. Бальзам богат различными растительными маслами и жира- ми для увлажнения и защиты губ. Бальзам на губах будет менять свой цвет в зависимости от темпе- ратуры тела и значения рн кожи.,"2,8 г",,,assets/img/products/catalog-415-2.jpg,assets/catalog-source/img415.jpg,415,False
catalog-415-3,LIMANCY,Бальзам для губ Питает и увлажняет губы. Делает цвет губ более насыщен-,Декоративная косметика,ным. Бальзам богат различными растительными маслами и жира- ми для увлажнения и защиты губ. Бальзам на губах будет менять свой цвет в зависимости от темпе- ратуры тела и значения рн кожи.,"2,8 г",,,assets/img/products/catalog-415-3.jpg,assets/catalog-source/img415.jpg,415,False
catalog-416-1,LIMANCY,"Успокаивающий увлажняющий тоник с центеллой азиатской Легкая или густая косметика, всё легко снять",Декоративная косметика,"Снятие, очищение и увлажнение эффектом Растительные экстракты увлажняют и защищают кожу, комфортное снятие макияжа. Мягкая и слабокислая, не раздражает глаза",,,,assets/img/products/catalog-416-1.jpg,assets/catalog-source/img416.jpg,416,False
catalog-416-2,LIMANCY,"Мицеллярная вода для снятия макияжа нежное очищение, лёгкость в снятии макияжа. безопасный для неё.",Декоративная косметика,"Увлажнение, Свежее увлажнение,Не чувствительная и не напряженная Легкая текстура, комфортное снятия макияжа • Добавленные растительные ингредиенты",,,,assets/img/products/catalog-416-2.jpg,assets/catalog-source/img416.jpg,416,False
catalog-416-3,LIMANCY,"Мицелярная вода с алоэ вера Три эффекта в одном, нежное снятие макияжа • Уход за чувствительной кожей, нежная",Декоративная косметика,"Очищение лица, Очищение кожа, Освежающая • Снятие, очищение и увлажнение эффектом Растительные экстракты увлажняют и защищают кожу, комфортное снятие макияжа Мягкая и слабокислая, не раздражает глаз.",300 мл,,,assets/img/products/catalog-416-3.jpg,assets/catalog-source/img416.jpg,416,False
catalog-420-1,LIMANCY,"Увлажняющий тоник водной силы Увлажняющий тоник-гель с легкой и прозрачной текстурой,",Уходовая косметика,"разработанный для интенсивного и пролонгированного увлажнения кожи. Средство способствует восстановлению водного баланса, улучшает упругость кожи и обеспечивает комфортное ощущение свежести в течение дня. Ключевые компоненты:Масло семян жожоба - оказывает мягкое очищающее действие, регулирует выработку кожного себума и поддерживает естественный Ферментированный экстракт лактобацилл и североамериканской вероники - обладает увлажняющими, успокаивающими и антиоксидантными свойствами.",,,,assets/img/products/catalog-420-1.jpg,assets/catalog-source/img420.jpg,420,False
catalog-421-1,LIMANCY,"Увлажняющий лосьон на основе воды Лёгкий лосьон, который интенсивно увлажняет кожу",Уходовая косметика,"благодаря водной основе. Быстро впитывается, не оставляя липкости. Делает кожу мягкой, гладкой и ухоженной. Помогает сохранить предотвращаясухостьистянутость. Идеалендля",,,,assets/img/products/catalog-421-1.jpg,assets/catalog-source/img421.jpg,421,False
catalog-422-1,LIMANCY,Питательный лосьон с водной основой Создает идеалную кожу для девушки.,Уходовая косметика,"Увлажняющая и мягкая, нежная и гладкая. Эффективно снимает сухость и надежно удерживает Ингредиенты искренне очищает мелкие сердечниковые",,,,assets/img/products/catalog-422-1.jpg,assets/catalog-source/img422.jpg,422,False
catalog-423-1,LIMANCY,"Крем легкой текстуры с водной основой Масло семян жожоба:Мягко улучшает состояние кутикулы, растворяя масло.",Уходовая косметика,"Поддерживает рН-баланс кожи. Лактобактерии / Экстракт продукта ферментации североамериканской священной травы. Увлажняющий, разглаживающий, успокаивающий, Спаситель для жирной кожи, склонной какне. Увлажняющий и восстанавливающий, антиоксидантный и",,,,assets/img/products/catalog-423-1.jpg,assets/catalog-source/img423.jpg,423,False
catalog-424-1,LIMANCY,ANTI-WRINKLE EYE CREAM ANTI-WRINKLE ESSENCE DE 3 ME 2E 0F 00 502,Уходовая косметика,,,,,assets/img/products/catalog-424-1.jpg,assets/catalog-source/img424.jpg,424,False
catalog-425-1,LIMANCY,Лосьон для мягкой кожи с защитой от морщин Увлажнение на глубоких слоях в сочетании с акмеллы,Уходовая косметика,"огородной и многих видов пробиотиков помогают уменьшать число мелких морщинок на коже, поддерживать влажность и предотвращать потерю воды в коже, чтобы кожа изнутри наружу обогащалась необходимыми элементами и уплотнялась. Шелковистые свойства лосьона способствуют восстановлению, защите, увлажнению и блеску кожи, распространяя молодость и сияние на изначально темнеющую стареющую кожу,",,,,assets/img/products/catalog-425-1.jpg,assets/catalog-source/img425.jpg,425,False
catalog-426-1,LIMANCY,"Дневной крем для защиты от морщин Отобран экстракт, экстракт акмеллы огородной, в",Уходовая косметика,,,,,assets/img/products/catalog-426-1.jpg,assets/catalog-source/img426.jpg,426,False
catalog-426-2,LIMANCY,противодействовать появлению морщин. Рецептурная AND-WRINKLE CAY CREAM 23035002019 B 11,Уходовая косметика,"формула для ухода за кожей с высокой степенью увлажнения непрерывно непрерывно насыщает кожу влагой, обеспечивая ощущение роскошной нежной увлажнённой кожи, помогая поддерживать вглубокая увлажнённость и уплотнение кожи, чтобы кожа была",,,,assets/img/products/catalog-426-2.jpg,assets/catalog-source/img426.jpg,426,False
catalog-427-1,LIMANCY,"Сыворотка для защиты от морщин Отобран экстракт, акмеллы огородной, и комбинация многих видов пробиотиков в сочетании со многими видами",Уходовая косметика,"растительных экстрактов, что помогает уменьшать число мелких морщинок на коже, поддерживать влажность и блокировать потерю воды в коже, чтобы кожа изнутри наружу обогащалась необходимыми элементами и уплотнялась, способствуя восстановлению, защите, увлажнению и блеску кожи. Благодаря этому кожа сияет, становится нежной и гладкой. Это способствует восхитительному филигранному уплотнению кожи, чтобы",,,,assets/img/products/catalog-427-1.jpg,assets/catalog-source/img427.jpg,427,False
catalog-429-1,LIMANCY,"Восстанавливающий тоник Легкая и прозрачная текстура, ощущается как первая капля утренней росы.",Уходовая косметика,"Содержит мульти-полипептидных ингредиентов, которые делают каждый слой кожи увлажненным и упругим, такке Добавлены экстракты ползучей жимолости каприфолиевидной, экстракт олденландии диффузной, экстракт деревянного яблока и экстракт бамбука Фаргезии дракоцефалы и другие разнообразные растительные экстракты, которые помогают коже справиться с проблемой сухости, успокаивают и увлажняют кожу.",,,,assets/img/products/catalog-429-1.jpg,assets/catalog-source/img429.jpg,429,False
catalog-430-1,LIMANCY,"Восстанавливающий лосьон Ощупь мягкая и влажная, как молоко, и после нанесения оставляет на коже легкое и нежное ощущение.",Уходовая косметика,"Содержит мульти-полипептидных ингредиентов, которые делают каждый слой кожи увлажненным и упругим, таюке Добавлены экстракты ползучей жимолости каприфолелистной, экстракт олденландии диффузной, экстракт деревянного яблока и экстракт бамбука Фаргезии дракоцефалы и другие разнообразные растительные экстракты, которые помогают коже справиться с проблемой сухой кожи и нехватки влажности, успокоить увлажненную",,,,assets/img/products/catalog-430-1.jpg,assets/catalog-source/img430.jpg,430,False
catalog-431-1,LIMANCY,"Восстанавливающее молочко для лица Текстура легкая, мягкая и приятная для кожи. Содержит множество полипептидных ингредиентов,",Уходовая косметика,"Которые увлажняют и делают кожу упругой, эластичной и Разнообразные растительные экстракты с множеством увлажняющих эссенций помогают коже оставаться увлажненной, Придают свежесть и комфорт, наполняя её",,,,assets/img/products/catalog-431-1.jpg,assets/catalog-source/img431.jpg,431,False
catalog-432-1,LIMANCY,"Восстанавливающий крем для лица Имеет мягкую текстуру, похожую на легкие сливки, и нежный и благоприятный для кожи.",Уходовая косметика,,,,,assets/img/products/catalog-432-1.jpg,assets/catalog-source/img432.jpg,432,False
catalog-432-2,LIMANCY,"экстракт деревянного яблока и экстракт бамбука Фаргезии дракоцефалы и другие разнообразные растительные экстракты, которые помогают коже справиться с проблемой",Уходовая косметика,"сухой кожи и нехватки влажности, успокоить увлажненную",,,,assets/img/products/catalog-432-2.jpg,assets/catalog-source/img432.jpg,432,False
catalog-434-1,LIMANCY,тоник с гиалуроновой кислотой Содержающий в тонике гиалуроновую,Уходовая косметика,"кислоту и пантенол увлажняют кожу. придают коже увлажняющий блеск. Благодаря проникновению мелких молекул тоник может достигать нижней части кожи, быстро увлажняет кожу, предотвращая сухость и стянутость.",,,,assets/img/products/catalog-434-1.jpg,assets/catalog-source/img434.jpg,434,true
catalog-434-2,LIMANCY,гидрогель с гиалуроновой Кислотой Многомолекулярный гиапуронат,Уходовая косметика,"увлажняющую сетку. Данный гидрогель состояние кожи, с быстрым полным",,,,assets/img/products/catalog-434-2.jpg,assets/catalog-source/img434.jpg,434,True
catalog-434-3,LIMANCY,"Сыворотка с гиалуроновой кислотой Тройной гиалуронат натрия, глубокая",Уходовая косметика,"активация возможностей кожи, чтобы она стала Поддерживает влажность, проникая ещё глубже; Поддерживание влажности происходит ещё Поддерживание влажности происходит ещё полнее Поддерживание влажности становится ещё",30 г,,,assets/img/products/catalog-434-3.jpg,assets/catalog-source/img434.jpg,434,true
catalog-435-1,LIMANCY,"Прозрачный огуречный тоник Великолепный огуречный аромат Увлажняющий, шелковистый, чистый и",Уходовая косметика,"При использовании рекомендуется протирать ватным диском, что может придать коже вторичный очищающий Экстракт огуречной эссенции для кожи Легкая текстура, легко впитывается Содержит экстракт плодов огурца, который сделает ваше лицо не просто увлажненным, Рекомендуется макияжником, прост в",570 мл,,,assets/img/products/catalog-435-1.jpg,assets/catalog-source/img435.jpg,435,False
catalog-436-1,LIMANCY,"Тоник нормализирующий жирность кожи с экстрактом зеленого чая Комплексный эффект экстрактов растений,",Уходовая косметика,Экстракт чая: увлажняет кожу и укрепляет Экстракт североамериканского гамамелиса регулирует водно-масляный баланс Экстракт цветков календулы: предотвращает выпадение пигмента,,,,assets/img/products/catalog-436-1.jpg,assets/catalog-source/img436.jpg,436,False
catalog-436-2,LIMANCY,Успокаивающий тоник с алоз Натуральные ингредиенты эффективно,Уходовая косметика,"Экстракт листьев Алоэ Вера Кюрасао: снимает покраснение после загара, сухой зуд и Экстракт портулака оливкового: успокаивает кожу и укрепляет защитный Экстракт корня щитковицы байкальской: способствует метаболизму кожи и повышает ее Экстракт корня софоры ароматной: очищает кожу и уменьшает угревую сыпь",,,,assets/img/products/catalog-436-2.jpg,assets/catalog-source/img436.jpg,436,False
catalog-437-1,LIMANCY,Успокаивающий увлажняющий тоник с центеллой азиатской Научное соотношение на потребности,Уходовая косметика,"Центелла азиатская: успокаивает и восстанавливает, ухаживает за кожей Продукты ферментации и лизатные антиоксидантные и омолаживающие Экстракт корня щитковицы байкальской: способствует метаболизму кожи и повышает ее Экстракт корня солодки надувной: защищает от ультрафиолетовых лучей и",,,,assets/img/products/catalog-437-1.jpg,assets/catalog-source/img437.jpg,437,False
catalog-437-2,LIMANCY,Увлажняющий тоник с Воню Фильтрат секрета улитки очищает кожу и,Уходовая косметика,"Фильтрат секрета улитки обладает восстанавливающей функцией. Сожержит богатый натуральный коллаген, эластин, аллантоин, кальций, витамины, протеины, различные витамины группы в, гликаны, натуральные антибактериальные средства и тд., быстро проникает в кожу и повышает ее эластичность. Комплексный эффект экстрактов растений,",,,,assets/img/products/catalog-437-2.jpg,assets/catalog-source/img437.jpg,437,False
catalog-438-1,LIMANCY,"воспаление и успокаивает. Гиалуронат натрия: сложное соединение пантенола; увпажняет кожу на всех уровнях,",Уходовая косметика,"обеспечивая полное проникновение; продляет эффект водянистого увлажнения. Экстракт портулака огородного и центеллы азиатской: мягкий уход за кожей; устранение сухости, укрепление защитного барьера кожи, обеспечение",,,,assets/img/products/catalog-438-1.jpg,assets/catalog-source/img438.jpg,438,False
catalog-439-1,LIMANCY,Прозрачная маска для лица с гранатом обыкновенным Натуральная растительная экстракция:,Уходовая косметика,"противостоит окислению и предотвращает дряхление; мягкость и питание. Экстракт плодов гранатового дерева: противостоит окислению и отсрочивает дряхление, снимает воспаление и имеет влажность и противостоит появлению морщин. усиливает сияние кожи. и восстанавливает, исправляет капризную шероховатость, обеспечивает нежность,",,,,assets/img/products/catalog-439-1.jpg,assets/catalog-source/img439.jpg,439,False
catalog-439-2,LIMANCY,Маска для лица для лифтинга и отбеливания пятен с женьшенем Экстракция большого числа,Уходовая косметика,"натуральных травянистых растений: Экстракт женьшеня: противостоит появлению морщин, предотвращает бактериостатическое действие, поддерживает восстанавливает, осветляет текстуру и Экстракт фукуса пузырчатого: успокаивает • Альфа-арбутин: сужает поры, уплотняет кожу и противостоит окислению, улучшает Экстракт вьющейся жимолости каприфоль и эдельвейса альпийского:",250 мл,,,assets/img/products/catalog-439-2.jpg,assets/catalog-source/img439.jpg,439,False
catalog-439-3,LIMANCY,Очищающая Маска с Бамбуковым Углем Экстракт дудника: содействует,Уходовая косметика,"циркуляции, устраняет пятна и восстанавливает кожу, снимает воспаление и противостоит аллергической реакции Добавляют экстракт североамериканского гамамелиса, который помогает регулировать состояние кожи, сужает поры и Центелла азиатская: ускоряет метаболизм, стабипизирует и успокаивает",,,,assets/img/products/catalog-439-3.jpg,assets/catalog-source/img439.jpg,439,False
catalog-440-1,LIMANCY,Отбеливающая маска с гиалуроновой кислотой LMANITY,Уходовая косметика,"Экстракция большого числа природных растений: мягкое Центелла азиатская: уплотнение и обеспечение Сакура (японская поздняя вишня): противостоит окислению; отсрочивает одряхление кожи Белоцветковая ромашка римская: успокаивает аллергическую реакцию; противостоит воспалению Ирландский мох (хондрус курчавый): обеспечивает водянистое увлажнение, очистку и просачивание в кожу",,,,assets/img/products/catalog-440-1.jpg,assets/catalog-source/img440.jpg,440,False
catalog-441-1,LIMANCY,"Эссенция для ухода за кожей Увлажняющий и нежирный, успокаивает и осветляет кожу.",Уходовая косметика,,,,,assets/img/products/catalog-441-1.jpg,assets/catalog-source/img441.jpg,441,False
catalog-442-1,LIMANCY,Мусс с алоэ для контроля жирности и очистки лица Контроль жирности и увлажнение кожи,Уходовая косметика,"Свежая очистка лица 11 аминокислот (аргинин, аспартат, глицин, аланин, серин, валин, изолейцин, треонин, пролин, гистидин, фенилаланин) противостоит воздействию кислорода, снимает аллергию, увлажняет и Восстанавливает баланс кожного жира",,,,assets/img/products/catalog-442-1.jpg,assets/catalog-source/img442.jpg,442,False
catalog-442-2,LIMANCY,Свежесть океана лосьон для очистки лица Мягко очищает кожу от загрязнений и,Уходовая косметика,"лишнего жира, даря ощущение свежести и чистоты. Благодаря легкой текстуре и освежающему аромату, кожа становится гладкой, ухоженной и дышащей. Подходит для ежедневного использования и всех",200 мл,,,assets/img/products/catalog-442-2.jpg,assets/catalog-source/img442.jpg,442,False
catalog-444-1,LIMANCY,"Чистое очищающее молоко с бамбуковым углем Очищает поры, способствует сиянию и",Уходовая косметика,"увлажнению кожи, предотвращает ложную Бамбуковый древесный уголь микрометрического Контроль жирового баланса. При очищении кожи появляется сияние.",100 г,,,assets/img/products/catalog-444-1.jpg,assets/catalog-source/img444.jpg,444,False
catalog-444-2,LIMANCY,Очищающее средство для лица с аминокислотами Рецепт умеренный,Уходовая косметика,Сильная очищающая способность Пена тонкая и нежная Очистка и смачивание кожи,,,,assets/img/products/catalog-444-2.jpg,assets/catalog-source/img444.jpg,444,False
catalog-445-1,LIMANCY,"Гелеобразный, увлажняющий, омолаживающий, живительный крем для глаз",Уходовая косметика,"Нежная кожа вокруг глаз, проявляется молодой насыщенный цвет радужной Уменьшение: потемнения и отложений. Блеск и увлажнение: кожа вокруг глаз. Уплотнение: наросты в уголках глаз.",,,,assets/img/products/catalog-445-1.jpg,assets/catalog-source/img445.jpg,445,False
catalog-446-1,LIMANCY,Крем позолоченного света для аристократок Глубоко увлажнять кожу,Уходовая косметика,Наполнять кожу Смягчение пор Роскошно увлажнять Увлажняющий и нелипкий Роскошно ухаживать за кожей,,,,assets/img/products/catalog-446-1.jpg,assets/catalog-source/img446.jpg,446,False
catalog-448-1,LIMANCY,"Крем с антиоксидантами ластичнои увлажнена, питательное омоложение, один флакон для многоцелевого использования.",Уходовая косметика,"Кожа становится эластичной и увлажненной, богатый коллагеном, подтяжка контура лица, кожа становится Освежающий и не липкий, вся семья любит Легко намазывать и впитывать, упрощенные этапы ухода за кожей - один флакон состоит из (Гидролизованный медовый белок = Лосьон + Эссенция + Эмульсия+ Крем + Крем для рук + Крем для тела)",,,,assets/img/products/catalog-448-1.jpg,assets/catalog-source/img448.jpg,448,False
catalog-450-1,LIMANCY,"отшелушивающий гель с алоэ Успокоение кожи за одно применение,",Уходовая косметика,"Жидкий фильтрат, богатый продуктами ферментации пактобактерий соевого молока, а также поливитамины, белки и активные компоненты. Обладает эффектом защиты, успокоения, поддержания влажности, восстановления и отбеливания.",,,,assets/img/products/catalog-450-1.jpg,assets/catalog-source/img450.jpg,450,False
catalog-450-2,LIMANCY,"Увлажняющий восстанавливающий гель с алоз вера Увлажнение, уменьшить поры, увлажняет и",Уходовая косметика,"Натуральный экстракт, увлажняющий и благоприятныйдлякожи, удерживающийводу, улучшающий состояние сухой и стянутой кожи. Ухаживает за уставшей кожей в любое время Дпительное увлажнение, кожа словно пробуждается от глубокого сна, становится",,,,assets/img/products/catalog-450-2.jpg,assets/catalog-source/img450.jpg,450,False
catalog-451-1,LIMANCY,"Увлажняющий восстанавливающий гель с алоэ вера Содержит экстракты алоэ, софора желтеющая и",Уходовая косметика,"шлемника байкальского, которые в сочетании с успокаивающими лакто бактериями /ферментами соевого молока глубоко увлажняют кожу и уменьшают покраснения. Подходит для ежедневного ухода, а также восстанавливает кожу после активного солнца и укуса насекомых.",,,,assets/img/products/catalog-451-1.jpg,assets/catalog-source/img451.jpg,451,False
catalog-451-2,LIMANCY,отшелушивающий гель с алоэ Добавлен экстракт листьев алоз для нежности вашей кожи.,Уходовая косметика,"Освежающий, увлажняющий, не липкий, и легко Очищает кожу, увлажняет и разглаживает, не",,,,assets/img/products/catalog-451-2.jpg,assets/catalog-source/img451.jpg,451,False
catalog-452-1,LIMANCY,Aloe Moisturizing Facial Cleanser,Уходовая косметика,,,,,assets/img/products/catalog-452-1.jpg,assets/catalog-source/img452.jpg,452,False
catalog-452-2,LIMANCY,Увлажняющее очищающее средство с алоэ В процессе мытья лица кожный жир не,Уходовая косметика,"смывается слишком сильно, а влажность Пена густая и нежная, легко смывается, кожа освежается и чувствует себя Очищает поры от грязи и придает коже",,,,assets/img/products/catalog-452-2.jpg,assets/catalog-source/img452.jpg,452,true
catalog-453-1,LIMANCY,"Гель для душа с алоз Различные натуральные ингредиенты, нежный уход за кожей.",Уходовая косметика,"Масло фруктов авокадо + масло семян макадамии: шелковистая и эластичная текстура, Эссенция лаврового листа: успокаивает после",,,,assets/img/products/catalog-453-1.jpg,assets/catalog-source/img453.jpg,453,False
catalog-453-2,LIMANCY,Чистое очищающее алоэ Шампунь Натуральный увлажняющий фактор алоз,Уходовая косметика,,450мл,,,assets/img/products/catalog-453-2.jpg,assets/catalog-source/img453.jpg,453,False
catalog-453-3,LIMANCY,Нежный анти-прыщи: настойка апоэ вера Кондиционер с алоэ антибактериальная и удаление жира для,Уходовая косметика,"Восстанавливает кожу: витамины, минералы и Питает и увлажняет: аминокислоты, восстанавливает поврежденную разглаживает и восстанавливает. сияет и успокаивает",450мл,,,assets/img/products/catalog-453-3.jpg,assets/catalog-source/img453.jpg,453,False
catalog-456-1,LIMANCY,"Женские духи Сначала свежий аромат, а затем",Парфюм,,,,,assets/img/products/catalog-456-1.jpg,assets/catalog-source/img456.jpg,456,False
catalog-456-2,LIMANCY,Diva Perfume NET: 50ml,Парфюм,,,,,assets/img/products/catalog-456-2.jpg,assets/catalog-source/img456.jpg,456,true
catalog-457-1,LIMANCY,"мужские духи Основной цвет - это темно-синий, подчеркивает",Парфюм,,,,,assets/img/products/catalog-457-1.jpg,assets/catalog-source/img457.jpg,457,true
catalog-458-1,LIMANCY,Nº1 Духи LIMANCY,Парфюм,,,,,assets/img/products/catalog-458-1.jpg,assets/catalog-source/img458.jpg,458,true
catalog-458-2,LIMANCY,становится ещё более глубоким и завлекающим,Парфюм,"благодаря поддержке левкоя седого (ночной фиалки), словно бездонное тёмное клокотание в",,,,assets/img/products/catalog-458-2.jpg,assets/catalog-source/img458.jpg,458,False
catalog-459-1,LIMANCY,Nº2 Духи LIMANCY,Парфюм,,,,,assets/img/products/catalog-459-1.jpg,assets/catalog-source/img459.jpg,459,False
catalog-459-2,LIMANCY,"душистый, медленно всплывает комбинация",Парфюм,"древесных нот и мускуса, как будто в цветочном и фруктовом саду в конце лета, когда слабый ветерок медленно и чисто пленяет.",,,,assets/img/products/catalog-459-2.jpg,assets/catalog-source/img459.jpg,459,False
catalog-462-1,LIMANCY,косметический косметический крем крем для груля,Средства для ухода за кожей,"Пышность и плотность: ценные компоненты, способствующие пробуждению жировых клеток в груди для повторного Равномерная симметрия: регулирование внутренней секреции, синхронный рост грудей с двух сторон для для женщин с плоской Упругость и подтянутость: увлажнение клеток груди на нижних слоях, усиление",,,,assets/img/products/catalog-462-1.jpg,assets/catalog-source/img462.jpg,462,False
catalog-463-1,LIMANCY,"Крем с эффектом загара Мягкая рецептурная формула, средства для",Средства для ухода за кожей,"ухода за кожей, после чего происходит Создайте здоровый цвет кожи в домашних Нет необходимости подвергать кожу вредному солнечному излучению или тратить много времени. Легко добейтесь красивого",,,,assets/img/products/catalog-463-1.jpg,assets/catalog-source/img463.jpg,463,False
catalog-463-2,LIMANCY,"Крем для похудення Расщепляет жир: содействует уменьшению накопления жира, выводит избыточную",Средства для ухода за кожей,"Содействует циркуляции в организме: убирает отёчность, ускоряет метаболизм. Противостоит образованию жира, сохраняет новые полезные вещества: выводит старый жир и телесные жидкости, одновременно с этим выполняет профилактику формирования новых жировых",,,,assets/img/products/catalog-463-2.jpg,assets/catalog-source/img463.jpg,463,False
catalog-464-1,LIMANCY,"Свежесть океанаГель для душа Интенсивное очищение, сияющая красота усовершенствованный аромат.",Средства для ухода за кожей,Осветление и увлажнение Специально добавленные лактобактерии — маленькие эксперты в поддержании,,,,assets/img/products/catalog-464-1.jpg,assets/catalog-source/img464.jpg,464,False
catalog-464-2,LIMANCY,"Розовый гель для душа Ароматная, романтичная встреча Подчеркните свой вкус с помощью аромата",Средства для ухода за кожей,,550 мл,,,assets/img/products/catalog-464-2.jpg,assets/catalog-source/img464.jpg,464,False
catalog-465-1,LIMANCY,"увлажняющий гель для душа с экстрактом молока Содержит молочный экстракт, хорошо пенится, глубоко увлажняет кожу, делая ее ухоженной, гладкой и мягкой.",Средства для ухода за кожей,"Утонченный молочный аромат дарит ощущение приятного SPA-эсфекта. Специально добавленные лактобактерии - маленькие эксперты по поддержанию Молочная эссенция - Молоко питает кожу и делает ее более гладкой и яркой. Экстракт календулы - улучшает текстуру чувствительной кожи, уменьшает раздражение от очищающих ингредиентов и снимает сухость кожи и другие Нежная и благоприятная формула для кожи: соответствует слабой кислотности",,,,assets/img/products/catalog-465-1.jpg,assets/catalog-source/img465.jpg,465,False
catalog-465-2,LIMANCY,"Освежающий питающий гель для душа Отлично пенится, легко смывается. Уход за кожей во время душа, увлажняющий и шелковистый.",Средства для ухода за кожей,"Глубокое очищение, освежающий и комфортный эффект.",500 мл,,,assets/img/products/catalog-465-2.jpg,assets/catalog-source/img465.jpg,465,False
catalog-467-1,LIMANCY,"Мятный Освежающий Гель для Душа Легко смывается, образует густую пену, эффективно очищая кожу.",Средства для ухода за кожей,"С охлаждающим эффектом и мятным ароматом, освежает и дарит прохладу, идеально подходит для жаркой погоды или",,,,assets/img/products/catalog-467-1.jpg,assets/catalog-source/img467.jpg,467,False
catalog-467-2,LIMANCY,увлажняюший гель для душа с экстрактом молока Молочная эссенция - Молоко питает кожу,Средства для ухода за кожей,"яркой. Экстракт календулы - улучшает текстуру чувствительной кожи, уменьшает раздражение от очищающих ингредиентов и снимает сухость кожи и другие проблемы",,,,assets/img/products/catalog-467-2.jpg,assets/catalog-source/img467.jpg,467,False
catalog-468-1,LIMANCY,"Питательный гель для душа с золотым покрытнем Золото очищает кожу, создает защитный барьер,",Средства для ухода за кожей,"усиливает проводить испоствует питанию. Серебро омоложение, здоровье, стерилизация Ниацинамид омолаживает и осветляет, выравнивая Экстракт стеблей агавы, успокаивающий, подходит Экстракт гигантских водорослей эффективно увлажняет, питает и разглаживает кожу. Экстракт плодов малины обладает высокой проницаемостью, удерживает воду и делает кожу",,,,assets/img/products/catalog-468-1.jpg,assets/catalog-source/img468.jpg,468,False
catalog-468-2,LIMANCY,"Многофункциональная серная жидкость для умывання Четыре защиты, очищение и омоложение.",Средства для ухода за кожей,"Нежное для кожи: бережно очищает поверхность кожи, удаляет излишки жира. Восстановление кожи: улучшает кожный барьер и поддерживает водно-жировой баланс. Чистые поры: глубоко очищает кожу от загрязнений, питает и пробуждает кожу. Растительный аромат: свежий и элегантный",,,,assets/img/products/catalog-468-2.jpg,assets/catalog-source/img468.jpg,468,False
catalog-469-1,LIMANCY,"Лосьон для тела с полынью лосьон для тела с алоз Экстрагированная эссенция полыни: растительные травы,",Средства для ухода за кожей,"Алоз корасво: содержит множество природных факторов, восстановление барьера кожи, бактериостатическое действие и поддерживающих влажность кожи, полноценно восполняет устранение зуда, поддержание влажности и смягчение. уровень влаги и предотврещает её потерю, обеспечивая Масло авокадо и масло плодов персеи американской: увлажнение рогового спая кожи; натуральное растительное масло, противостояние окислению,",,,,assets/img/products/catalog-469-1.jpg,assets/catalog-source/img469.jpg,469,False
catalog-469-2,LIMANCY,"молочко для тела из масла ши Масло плодов дерева авокадоссодержит богатые ненасыщенные жирные кислоты, легко впитывается, увлажняет",Средства для ухода за кожей,"кожу и поддерживает ее впажность, восстанавливает блеск. нежность и упругость, обладает противовоспалительным восстанавливающим и солнцезащитным действием. Масло семян макадамии:легко впитывается, смягчаети увланняет, замедляет старение, поддерживает влажность и",240 мл,,,assets/img/products/catalog-469-2.jpg,assets/catalog-source/img469.jpg,469,False
catalog-469-3,LIMANCY,Лосьон для тела с оливковым маслом Масло авокадо:содернит ненасыщенные жирные,Средства для ухода за кожей,"кислоты, лепо впитывается, восполняет уровень влаги, способствует регенерации коплалена и застина. Масло опивысускоряет восстановление упругости и жизнённой силы коти, защищет пигментированную кожу. обеспечивая ее здоровье, увлажнение и естественный",240 мл,,,assets/img/products/catalog-469-3.jpg,assets/catalog-source/img469.jpg,469,False
catalog-470-1,SUTING,Гигиенические прокладки Гигиенические прокладки (дневные),Личная гигиена,,,,,assets/img/products/catalog-470-1.jpg,assets/catalog-source/img470.jpg,470,False
catalog-470-2,SUTING,Гигиенические прокладки (ночные удлиненные),Личная гигиена,,,,,assets/img/products/catalog-470-2.jpg,assets/catalog-source/img470.jpg,470,true
catalog-470-3,SUTING,Ежедневные гигенические прокладки (гигенические прокладки),Личная гигиена,,,,,assets/img/products/catalog-470-3.jpg,assets/catalog-source/img470.jpg,470,True
catalog-471-1,SUTING,"Антибактериальный Без содержания флуоресцентных агентов,Без содержания ароматизаторов",Личная гигиена,"Безвредное для кожи мягкое волокно Уникальная 8-слойная структура. Новый дизайн Забота о женском здоровье. Мягкий верхний слой:Нежное прикосновение с кожей,. дышащие и сухие, чистые и комфортные. Сверхмягкая айрлайд-бумага, влагоудерживающий агент Функция ультравпитывания, мгновенно впитывает влагу, не протекает, сохраняет поверхность сухой. Сверхмягкая",,,,assets/img/products/catalog-471-1.jpg,assets/catalog-source/img471.jpg,471,False
catalog-473-1,SUTING,Набор гигиенических прокладок с анионовым чипом,Личная гигиена,,,,,assets/img/products/catalog-473-1.jpg,assets/catalog-source/img473.jpg,473,False
catalog-473-2,SUTING,Suling Magalien ion Breathable ницаемость прокладки и позволяет коже дышать. Cotton Sanitory Nopkin Gift Set,Личная гигиена,"Благодаря особым магнитно-динамическим свойствам отрицательных ионов прокладки не вызывают раздра- жения, бережно ухаживают за вашим здоровьем, обла- дают выраженными антибактериальными свойствами. Герметичная упаковка с закрывающимся клапаном на-",,,,assets/img/products/catalog-473-2.jpg,assets/catalog-source/img473.jpg,473,False
catalog-473-3,SUTING,Nepothe ion broat attle cotton panty inor 10 1:30-,Личная гигиена,,,,,assets/img/products/catalog-473-3.jpg,assets/catalog-source/img473.jpg,473,False
catalog-473-4,SUTING,Negates in ivatette come,Личная гигиена,,,,,assets/img/products/catalog-473-4.jpg,assets/catalog-source/img473.jpg,473,False
catalog-473-5,SUTING,Ночные гигиенические прокладки 290 мм х 8 шт.,Личная гигиена,,,,,assets/img/products/catalog-473-5.jpg,assets/catalog-source/img473.jpg,473,False
catalog-476-1,LIMANCY,Увлажняющий и Разглаживающий питательный шампунь,Средства для волос,"Особенности продукта: Уникальная формула с гидрогелем полиглутаминовой кислоты, провитамином и гиалуроновой кислотой придаёт волосам гладкость,",,,,assets/img/products/catalog-476-1.jpg,assets/catalog-source/img476.jpg,476,False
catalog-476-2,LIMANCY,"Увлажняющий, гладкий и шелковистый кондиционер Содержит экстракт саргассума веретенообразного,",Средства для волос,"который регулирует иммунитет, обладает антиоксидантными свойствами и способствует восстановлению поврежденных волос. Включает экстракт алоз барбадосского (Aloe Barbaden- sis) для глубокого питания структуры волос и эффективного улучшения состояния жирных волос. Обогащен глицерином, который обеспечивает длительное увлажнение, делая волосы эластичными и",,,,assets/img/products/catalog-476-2.jpg,assets/catalog-source/img476.jpg,476,False
catalog-477-1,LIMANCY,Шампунь против перхоти с женьшенем и оливковым маслом Растительный экстракт.,Средства для волос,Экстракт корня женьшеня. Масло из оливы. Против перхоти.,,,,assets/img/products/catalog-477-1.jpg,assets/catalog-source/img477.jpg,477,true
catalog-477-2,LIMANCY,Имбирный шампунь от перхоти Содержит различные аминокислоты для,Средства для волос,"Уникальная формула с эссенцией Zingiber Officiale делает волосы гладкими, Укрепляет волосы и придает им блеск.",,,,assets/img/products/catalog-477-2.jpg,assets/catalog-source/img477.jpg,477,False
catalog-478-1,LIMANCY,"Увлажняющий и очищающий шампунь Глубоко увлажняет, обеспечивает интенсивный",Средства для волос,"уход: эффективно увлажняет и решает проблему Мягкое питание и укрепление волос: бережно ухаживает за волосами, укрепляет их. Формула без силикона, прозрачная и чистая: не вызывает раздражения, обеспечивает шелковистую добавление важных компонентов: мягко питает, укрепляет волосы, делая их гладкими, мягкими и Экстракт центеллы азиатской: глубоко увлажняет.",,,,assets/img/products/catalog-478-1.jpg,assets/catalog-source/img478.jpg,478,False
catalog-478-2,LIMANCY,Шампунь для чистых и свежих волос натуральные растительные экстракты для,Средства для волос,"Экстракт чая: обладает антиоксидантными своиствами, глуооко питает кожу головы. Экстракт корня солодки: обеспечивает длительное увлажнение, освежает и дарит Обильная пена для глубокого очищения: помогает нормализовать жирность кожи головы и оставляет ощущение свежести. Полное очищение: наслаждайтесь",,,,assets/img/products/catalog-478-2.jpg,assets/catalog-source/img478.jpg,478,False
catalog-479-1,LIMANCY,Увлажняющий и очищающий шампунь ооновление изнутри и снаружи: праникает,Средства для волос,"от сердцевины водоса к чешуйкам авить неооходимую энергию для софективно увлажняет и решает проолем волос:нежно заботится о волосах, укрепляет не раздражает, оставляет шелковистое",,,,assets/img/products/catalog-479-1.jpg,assets/catalog-source/img479.jpg,479,True
catalog-479-2,LIMANCY,"Блестящий шампунь Нулевой алкоголь, нулевая мыльная основа, нулевой гормон, слабокислотный.",Средства для волос,"Экстракт ромашки римской: заботится о волосах, сохраняет их свежесть. Экстракт гороха: питает корни волос, восстанавливает активность их роста. Экстракт малахита:эффективный уход за волосами, повышает их эластичность и блеск. Экстракт эдельвейса очищает кожу головы, нормализует жирность и увлажняет волосы,",,,,assets/img/products/catalog-479-2.jpg,assets/catalog-source/img479.jpg,479,False
catalog-480-1,LIMANCY,"Серия ароматов Глубокая древесная тональность, объемные и красивые волосы на протяжении всей жизни.",Средства для волос,,,,,assets/img/products/catalog-480-1.jpg,assets/catalog-source/img480.jpg,480,False
catalog-480-2,LIMANCY,SIMANS ЗЕНІЕН,Средства для волос,,,,,assets/img/products/catalog-480-2.jpg,assets/catalog-source/img480.jpg,480,True
catalog-480-3,LIMANCY,"успокаивающий, Восстанавливает роговой слой кожи. 3a8. t62n",Средства для волос,,,,,assets/img/products/catalog-480-3.jpg,assets/catalog-source/img480.jpg,480,False
catalog-481-1,LIMANCY,Шампунь Свежесть океана,‹Средства для волос,"Против перхоти и зуда Мягкий и эффективный. Специально разработанная формула с ОСТО (Пироктон этаноламиновая соль) для удаления перхоти. Не раздражает кожу головы, не травмирует волосы, эффективно лечит, не оставляет неприятных последствий.",,,,assets/img/products/catalog-481-1.jpg,assets/catalog-source/img481.jpg,481,False
catalog-482-1,LIMANCY,Кондиционер с оливковым маслом Эссенция природного оливкового масла.,Средства для волос,"Содержит высокий уровень природного витамина Е, который обладает отличной проникающей способностью, эффективно увлажняет каждый волосок и решает",,,,assets/img/products/catalog-482-1.jpg,assets/catalog-source/img482.jpg,482,False
catalog-482-2,LIMANCY,Кондиционер с маслом ши Множественный оберегающий эффект для,Средства для волос,"Восстановление и защита: увлажнение волос до глубоких слоёв, укрепление их Упругость: повышает упругость волос, Увлажнение: увлажняет кончики волос, поддерживает их влажность и обеспечивает бережный уход за каждым волоском. Податливость: решает проблему запутанных и торчащих волос, делая их",,,,assets/img/products/catalog-482-2.jpg,assets/catalog-source/img482.jpg,482,False
catalog-483-1,LIMANCY,"кондиционер с полынью Мягкие природные свойства; питание, блеск",Средства для волос,"Дополнение содержания воды в коже, поддержание влажности; длительный эффект Делает волосы послушными, шелковистыми",,,,assets/img/products/catalog-483-1.jpg,assets/catalog-source/img483.jpg,483,False
catalog-483-2,LIMANCY,Кондиционер с алоэ Легкие и увлажнённые - полны,Средства для волос,"питательных веществ: Глубоко питают поврежденные волосы, хорошо впитывается и остаются освежающе нежирными, оставляя волосы мягкими и гладкими. Сочный - содержит гель: Увлажняющий компонент алоз вера глубоко питает и удерживает влагу, помогая бороться с секущимися кончиками и сухостью",,,,assets/img/products/catalog-483-2.jpg,assets/catalog-source/img483.jpg,483,False
catalog-484-1,LIMANCY,"Эластин Насыщение и увлажнение, сияние и блеск; природная активная лёгкость и чувствительность вьющихся",Средства для волос,"Разглаживаются торчащие волоски. Увлажнение и забота. Упругость, сияние и блеск. Активная чувственная лёгкость. Восстановление повреждений, полученных из-за окрашивания и термического воздействия, а также защита",,,,assets/img/products/catalog-484-1.jpg,assets/catalog-source/img484.jpg,484,False
catalog-485-1,LIMANCY,Эфирное масло для ухода за волосами Защита волос одним движением - без беспокойства о проблемах с красотой волос.,Средства для волос,Выравнивание торчащих волосков: исправление пересушеных и ощетинившихся волосков. Восстановление и защита обожжённых при окрашивании волосков: забота о структуре Повышение блеска и осветление: волосы сразу становятся увлажненными и блестящими. Питание волос: повышенная гибкость и отсутствие,,,,assets/img/products/catalog-485-1.jpg,assets/catalog-source/img485.jpg,485,False
catalog-486-1,LIMANCY,Смягчающая маска ДЛя вОлоС Уход: Содержит пшеничный протеин и,Средства для волос,гиалуронат натрия для интенсивного,,,,assets/img/products/catalog-486-1.jpg,assets/catalog-source/img486.jpg,486,False
catalog-486-2,LIMANCY,восстанавливает липидный барьер кожи LOTS HASTIN головы и повышает её иммунитет.,Средства для волос,"Разглаживание: Увлажняет и фиксирует влагу, образуя защитную пленку на поверхности волос, разглаживает вьющиеся волосы, смягчая и придавая им блеск.",,,,assets/img/products/catalog-486-2.jpg,assets/catalog-source/img486.jpg,486,False
catalog-490-1,Yijian,"Зубная паста с травами Травяная эссенция укрепляет зубы, питает десны, устраняет неприятный запах изо рта.",Гигиена полости рта,"снижает риск возникновения зубного камня,",,,,assets/img/products/catalog-490-1.jpg,assets/catalog-source/img490.jpg,490,False
catalog-490-2,Yijian,ang be Can Time Bi setties,Гигиена полости рта,,,,,assets/img/products/catalog-490-2.jpg,assets/catalog-source/img490.jpg,490,False
catalog-491-1,Yijian,Зубная паста с турмалином и пробиотиком Зубная паста восстанавливает и поддерживает,Гигиена полости рта,"кислотно-щелочной баланс, укрепляет защитные свойства полости рта, снимает воспаление и кровоточивость десен, подавляет рост патогенных микроорганизмов. Наночастицы турмалина, выделяя ионы и инфракрасное излучение, усиливают действие пробитиков, обеспечивая дополнительную защиту полости рта. Кроме того, турмалин содержит более 26 микроэлементов, необходимых для здоровья десен и",130 мл,,,assets/img/products/catalog-491-1.jpg,assets/catalog-source/img491.jpg,491,False
catalog-492-1,Yijian,NATURAL SEAWEED TOOTHPASTE NATURAL,Гигиена полости рта,,,,,assets/img/products/catalog-492-1.jpg,assets/catalog-source/img492.jpg,492,False
catalog-492-2,Yijian,"Натуральная зубная паста на основе водорослей Паста уменьшает проблемы с деснами, устраняет",Гигиена полости рта,"повреждения слизистой оболочки, устраняет неприятный запах изо рта, улучшает здоровье ротовой полости. Содержит мяту, экстракт морских водорослей предотвращает воспаление, глицирризинат дикалия обладает противовоспалительным эффектом.",120 мл,,,assets/img/products/catalog-492-2.jpg,assets/catalog-source/img492.jpg,492,False
catalog-493-1,Yijian,"Зубная паста с пробиотиками Зубная паста нежно и деликатно отбеливает зубы,",Гигиена полости рта,"активизирует процесс выведения токсинов не по- вреждая зубную эмаль, усиливает естественную систему защиты полости рта, уменьшает кровото- чивость десен и укрепляет эмаль. Пробиотическая паста по немецкой запатентованной технологии высочайшего качества.",,,,assets/img/products/catalog-493-1.jpg,assets/catalog-source/img493.jpg,493,False
catalog-493-2,Yijian,ПРОБНОТИЧЕСКА Вес нетто: 200г,Гигиена полости рта,,,,,assets/img/products/catalog-493-2.jpg,assets/catalog-source/img493.jpg,493,True
catalog-493-3,Yijian,ПРОБНОТИЧЕСКАЯ Вес нетто:200г,Гигиена полости рта,,,,,assets/img/products/catalog-493-3.jpg,assets/catalog-source/img493.jpg,493,True
catalog-494-1,Yijian,ALGAE ALGAE EXTRA,Гигиена полости рта,,,,,assets/img/products/catalog-494-1.jpg,assets/catalog-source/img494.jpg,494,False
catalog-494-2,Yijian,Холодная водорослевая зубная паста со вкусом лунцзина и мяты Освежающая зубная паста без фтора на основе морских,Гигиена полости рта,"водорослей обладает нежным вкусом зеленого чая и мяты. Свежий морской аромат наполняет полость рта. Активные ингредиенты: Соединяет в себе чудесную энергию эссенции морских водорослей с добавлением уникального дикалия глициризината. Дикалий глицирризинат производится из натуральной лакрицы, является природным веществом, со сладким",200 мл,,,assets/img/products/catalog-494-2.jpg,assets/catalog-source/img494.jpg,494,true
catalog-495-1,Yijian,Зубная паста с гималайской порошковой солью Чистите зубы с гималайской солью для,Гигиена полости рта,"Устраняет неприятные запахи, освежает",,,,assets/img/products/catalog-495-1.jpg,assets/catalog-source/img495.jpg,495,False
catalog-495-2,Yijian,предотвращает кариес и устраняет неприятный запах. SET WT: 124g,Гигиена полости рта,,120 мл,,,assets/img/products/catalog-495-2.jpg,assets/catalog-source/img495.jpg,495,False
catalog-496-1,Yijian,Mouth Spray,Гигиена полости рта,Распылите 1-2 раза на внутреннюю сторону щек. Избегайте прямого распыления на горло.,10 мл,,,assets/img/products/catalog-496-1.jpg,assets/catalog-source/img496.jpg,496,False
catalog-497-1,Yijian,Тип аромата: виноград YIJIAN Пробиотический освежитель дыхания,Гигиена полости рта,,,,,assets/img/products/catalog-497-1.jpg,assets/catalog-source/img497.jpg,497,False
catalog-497-2,Yijian,Тип аромата: роза,Гигиена полости рта,,,,,assets/img/products/catalog-497-2.jpg,assets/catalog-source/img497.jpg,497,False
catalog-497-3,Yijian,Расщепление и устранение неприятных запахов. Сладкий аромат на губах и зубах. Длительное ощущение свежести.,Гигиена полости рта,,,,,assets/img/products/catalog-497-3.jpg,assets/catalog-source/img497.jpg,497,False
catalog-498-1,Yijian,Холодная зубная паста на основе водорослей и мяты COOL,Гигиена полости рта,"Отборный ментол, масла перечной мяты и кетонацеталя водорослей глицерина ментона дарят вам исключительную свежесть и незабываемые ощущения после чистки зубов. Свежесть дыхания с приятным сладким ароматом. Защищает зубы, очищает и поддерживает здоровье",,,,assets/img/products/catalog-498-1.jpg,assets/catalog-source/img498.jpg,498,False
catalog-499-1,Yijian,ЗУБНАЯ ПАСТА СО ВКУСОМ ЗЕЛЕНОГО ЧАЯ COOL,Гигиена полости рта,,,,,assets/img/products/catalog-499-1.jpg,assets/catalog-source/img499.jpg,499,True
catalog-499-2,Yijian,"Добавлены Экстракты CAMELLIA:SINENSIS, чтобы НАУКОМ ЗЕЛЕНОВОЧАЯ сбалансировать значение рН полости рта и поддержания",Гигиена полости рта,"Охлаждающий мятный вкус, освежающее дыхание ароматом чая и без раздражения. Эффективно очищает и уменьшает зубной налет,",,,,assets/img/products/catalog-499-2.jpg,assets/catalog-source/img499.jpg,499,False
catalog-501-1,OKFAD,Зубная щётка с тонкой угольной щетиной Мягкие тонкие щетинки содержат древесный,Гигиена полости рта,"уголь, который способствует удалению неприятного запаха в полости рта, освежает дыхание и делает людей ближе друг к другу. Маленькая удобная головка зубной щётки позволяет легко чистить самые труднодоступные участки в полости рта, даря Ручка зубной щётки выполнена из прозрачного мягкого пластика с резиновым узорчатым",,,,assets/img/products/catalog-501-1.jpg,assets/catalog-source/img501.jpg,501,False
catalog-502-1,OKFAD,Высокоплотная зубная щётка для чистки зубов Для рукоятки выбран натуральный полипропилен (РР).,Гигиена полости рта,"обеспечивающий комфортное и приятное тактильное Простая минималистичная форма рукоятки в сочетании с эргономичным дизайном позволяет удобно держать щетку в Заостренные отдельные щетинки идеально адаптируются к Эффективно адсорбируют зубной налет, сохраняя свежее Современные технологические процессы обработки растительных ворсин обеспечивают их высокую плотность. Рациональное расположение щетинок позволяет воде",,,,assets/img/products/catalog-502-1.jpg,assets/catalog-source/img502.jpg,502,true
catalog-505-1,Miubaby,детская зубная паста с пробиотиком,Товары для детского ухода,"Не содержит вредных добавок и безопасно даже при случайном проглатывании Смесь высококачественных ингредиентов, таких как пробиотики, ксилитол и гидратированный кремнезем, укрепляет зубы, поддерживает здоровую микрофлору полости рта и усиливает естественную Освежающая пена нежная и мягкая.",,,,assets/img/products/catalog-505-1.jpg,assets/catalog-source/img505.jpg,505,False
catalog-505-2,Miubaby,детская зубная щетка для здоровых зубов,Товары для детского ухода,"Спроектировано специально для детей. Рукоятка, предотвращающая скольжение, обеспечивает комфорт и мягкий уход, как прикосновение к облаку. Милая форма и возможность чистки налета на языке. Глубокая очистка ротовой полости без выпадения щетинок и без повреждений. Мягкие ворсинки проникают в труднодоступные места,",,,,assets/img/products/catalog-505-2.jpg,assets/catalog-source/img505.jpg,505,False
catalog-506-1,Miubaby,Детский увлажняющий крем Длительное увлажнение и защита от сухости.,Товары для детского ухода,"эффективно поддерживает влагу в коже, Разработан специально для нежной кожи Продукт создан с учетом потребностей Сквалан - ключевой компонент. Этот природный ингредиент, схожий с секретом сальных желез человека, образует",,,,assets/img/products/catalog-506-1.jpg,assets/catalog-source/img506.jpg,506,False
catalog-506-2,Miubaby,Miubaby Детская антибактериальная пена для мытья рук Антибактериальное очищение и нежный,Товары для детского ухода,"Плотные пузырьки обеспечивают увлажнение и разглаживание кожи, оставляя Специально досавленные антибактериальные молекулы эффективно подавляют бактерии после очищения, поддерживая здоровый образ жизни. Уникальная формула разработана",,,,assets/img/products/catalog-506-2.jpg,assets/catalog-source/img506.jpg,506,False
catalog-506-3,Miubaby,Детский лосьон Специально разработано для детей. Средство бережно ухаживает за кожей и,Товары для детского ухода,"поддерживает ее естественное увлажнение. Содержит три ключевых питательных и Фруктовый жир дерева авокадо: глубоко увлажняет кожу, предотвращает потерю влаги и усиливает ее защитные питает и смягчает чувствительную кожу. помогает поддерживать естественный",,,,assets/img/products/catalog-506-3.jpg,assets/catalog-source/img506.jpg,506,False
catalog-506-4,Miubaby,детский шампунь и гель для душа Специально разработано для детей,Товары для детского ухода,"Мягкое увлажнение: увлажняет кожу, поддерживая баланс воды и эффективно Комфортное смягчение и очищение: легко удаляет пот, жир и загрязнения. Множественные растительные эссенции: мягко очищают, не раздражая Нежная формула и мягкая пена: обеспечивают эффективную защиту и",250 мл,,,assets/img/products/catalog-506-4.jpg,assets/catalog-source/img506.jpg,506,true
catalog-507-1,Miubaby,"Детское средство для мытья волос и тела Рецептурная формула для ухода за кожеи: Мягкость, чистота, безопасность и забота о детской коже.",Товары для детского ухода,"Слабокислая формула, близкая к природному рН кожи ребенка, для бережного ухода. Эффективная очистка с длительным увлажняющим Умывание лица без раздражений, уход за кожей без ощущения",,,,assets/img/products/catalog-507-1.jpg,assets/catalog-source/img507.jpg,507,False
catalog-507-2,Miubaby,Детский травяной жидкий стиральный порошок Многообразные биологические ферменты эффективно удаляют пятна.,Товары для детского ухода,"Станяет но до от мочиы протеаза, целлюлаза",,,,assets/img/products/catalog-507-2.jpg,assets/catalog-source/img507.jpg,507,False
catalog-510-1,Morefuture,"Масло Криля Натуральный продукт с высокой биологической активностью, предназначенный для очищения сосудов, снижения уровня холестерина",Продукты для здоровья,,,,,assets/img/products/catalog-510-1.jpg,assets/catalog-source/img510.jpg,510,False
catalog-510-2,Morefuture,"степенью очистки и усваивается на 99%. Морские фосфолипиды и OMEGA-3 - растворяют жиры и холестерин в крови, предотвращая их отложение на стенках сосудов.",Продукты для здоровья,"ДНА (докозагексаеновая кислота) - улучшает кровообращение, предотвращает образование тромбов. ЕРА (эйкозапентаеновая кислота) - снижает уровень триглицеридов в крови, расширяет сосуды, борется с воспалительными процессами, помогает при депрессии и предменструальных болях. Астаксантин - проникает через гематоэнцефалический барьер, обладает мощными антиоксидантными свойствами, уменьшает боли в суставах и предотвращает болезнь Альцгеймера.",,,,assets/img/products/catalog-510-2.jpg,assets/catalog-source/img510.jpg,510,False
catalog-511-1,Morefuture,уровнем холестерина и сахара в крови (метаболический синдром). Воспалительными заболеваниями и ослабленным,Продукты для здоровья,"Проблемами с памятью, бессонницей, хроническим Нарушениями кровообращения, связанных с Не рекомендуется беременным и кормящим женщинам, подросткам, а также людям с нарушением свертываемости крови. Профилактическая доза: 1-2 капсулы 2 раза в день во время еды (при чувствительном желудке - через Лечебная доза: 2-3 капсулы 2 раза в день.",,,,assets/img/products/catalog-511-1.jpg,assets/catalog-source/img511.jpg,511,False
catalog-512-1,Morefuture,"Кальций пептид Высокоэффективная пищевая добавка для укрепления костей и зубов, стимуляции роста и насыщения организма важными",Продукты для здоровья,"Хелатированный кальций 5-го поколения - с молекулярной массой S1000D, что обеспечивает быструю и легкую Пептиды животного и растительного белка - получены из костного мозга и костей яка, обитающего в высокогорных (3000 м) холодных регионах. Обогащены кальцием и Соевые олигопептиды - улучшают работу почек, укрепляют Железо, медь, цинк и еще 8 ключевых минералов - в 10 раз эффективнее питают костную ткань.",,,,assets/img/products/catalog-512-1.jpg,assets/catalog-source/img512.jpg,512,False
catalog-514-1,Morefuture,Rose Black Tea Chare oilack Tox perfectly WE 097: 250,Продукты для здоровья,,,,,assets/img/products/catalog-514-1.jpg,assets/catalog-source/img514.jpg,514,False
catalog-514-2,Morefuture,Чёрный чай с розой Черный чай Rose — это замечательный чай для похудения. Он уменьшает объем жировых,Продукты для здоровья,"Этот продукт богат железом, которое необходимо для укрепления и очищения сосудов, что полезно для профилактики тромбоза и атеросклероза. Чай содержит витамины Е, К, С, группы В и D, а также танины, пектин и органические кислоты. Он способствует очищению организма и выведению токсинов из желудочно-кишечного тракта, смягчает Помогает при лечении вирусных заболеваний",,,,assets/img/products/catalog-514-2.jpg,assets/catalog-source/img514.jpg,514,False
catalog-515-1,Morefuture,"Зеленый чай с жасмином Чай с жасмином содержит много полифенолов, которые действуют как антиоксиданты в",Продукты для здоровья,"организме, а также содержит мощный полифенол Этот чай способствует потере веса за счет повышения метаболизма. Полифенолы жасминового чая защищают от сердечных заболеваний, предотвращая окисление ЛПНП Исследования показывают, что употребление зеленого час жатим помогт ганизму более эффективно использовать инсулин и",,,,assets/img/products/catalog-515-1.jpg,assets/catalog-source/img515.jpg,515,False
catalog-515-2,Morefuture,Jasmine Green Tea Jasmine Green Tha,Продукты для здоровья,,,,,assets/img/products/catalog-515-2.jpg,assets/catalog-source/img515.jpg,515,False
catalog-516-1,Morefuture,Коричневый сахар с имбирем в кубиках Marlatin,Продукты для здоровья,"В состав имбиря входят витамин А, витамины группы В",,,,assets/img/products/catalog-516-1.jpg,assets/catalog-source/img516.jpg,516,False
catalog-516-2,Morefuture,"Цагаан гаатай бурам Имбирный чай содержит большое количество витами- на С. Ускоряет обменные процессы в организме, обла-",Продукты для здоровья,дает противовоспалительными свойствами и повышает,,,,assets/img/products/catalog-516-2.jpg,assets/catalog-source/img516.jpg,516,False
catalog-518-1,Morefuture,Фруктовые и овощные напитки с пробиотиками Натуральный напиток для балансировки микрофлоры,Продукты для здоровья,"кишечника, стимуляции его работы, выведения токсинов, контроля веса и поддержания здоровья кожи. Компоненты для поддержки кишечника: Ферментированная жидкость комбучи - способствует восстановлению микрофлоры кишечника и улучшает Ферменты из фруктов и овощей - помогают организму лучше усваивать витамины и минералы. Запатентованные пробиотики и пребиотики - способствуют",,,,assets/img/products/catalog-518-1.jpg,assets/catalog-source/img518.jpg,518,False
catalog-520-1,Morefuture,Витамин-С Marfitee Апельсиновые,Продукты для здоровья,Укрепляет иммунную систему Нормализует кровообращение Улучшает обмен веществ Улучшает синтез коллагена Снижает риск атеросклероза Улучшает работу нервной системы Предупреждает простуду и вирусные заболевания,,,,assets/img/products/catalog-520-1.jpg,assets/catalog-source/img520.jpg,520,False
catalog-521-1,Morefuture,Мультивитаминные шипучие таблетки с тропическими Фруктами,Продукты для здоровья,"Укрепляет иммунную систему Нормализует кровообращение Улучшает обмен веществ Выводит токсины Повышает выносливость Улучшает работу нервной системы Улучшает состояние кожи, волос, ногтей",,,,assets/img/products/catalog-521-1.jpg,assets/catalog-source/img521.jpg,521,False
catalog-521-2,Morefuture,Gaor MULTIVITAMIN CA TROPICAL FRUIT MULTIVITAM,Продукты для здоровья,,,,,assets/img/products/catalog-521-2.jpg,assets/catalog-source/img521.jpg,521,False
catalog-522-1,Morefuture,Чай для похудения,Продукты для здоровья,,,,,assets/img/products/catalog-522-1.jpg,assets/catalog-source/img522.jpg,522,False
catalog-522-2,Morefuture,"компонентов, предназначенный для стимуляции Lightness Slimming Tea кишечной моторики, детоксикации организма и контроля",Продукты для здоровья,"Натуральные китайские травы (шань-жа, семена Улучшает работу киника ускоряет пищеварение. Способствует выведению токсинов. Не вызывает раздражения кишечника и диареи. Обладает мягким и безопасным действием, не",,,,assets/img/products/catalog-522-2.jpg,assets/catalog-source/img522.jpg,522,False
catalog-523-1,Morefuture,Не рекомендуется беременным и кормящим Lightness женщинам.,Продукты для здоровья,"1-2 пакетика в день. fas, seton, Lien Les Ten Fore wan Soa, fine fant soneraas, Ouane Tel Людям с чувствительным кишечником рекомендуется начинать с 1 пакетика и следить за реакцией организма.",,,,assets/img/products/catalog-523-1.jpg,assets/catalog-source/img523.jpg,523,False
catalog-524-1,Morefuture,YITONG Капсула Натуральный растительный продукт для улучшения работы,Продукты для здоровья,,,,,assets/img/products/catalog-524-1.jpg,assets/catalog-source/img524.jpg,524,False
catalog-524-2,Morefuture,"деликатно и безопасно, не содержит компонентов, вызывающих диарею. YITONG Капсула",Продукты для здоровья,"Лиофилизированный порошок алоэ вера (Кюрасао), семена кассии - обладают свойствами мягкого очищения кишечника, устранения запоров и выведения токсинов из организма. Алоэ вера (Кюрасао) содержит реин и антранионовые гликозиды, которые способствуют улучшению работы кишечника и помогают вывести вредные вещества из Семена конопли богаты олеиновой кислотой, которая увлажняет стенки кишечника и способствует размягчению",,,,assets/img/products/catalog-524-2.jpg,assets/catalog-source/img524.jpg,524,False
catalog-525-1,Morefuture,"неприятный запах изо рта. Ухудшение состояния кишечника, замедленное YITONG Капсула",Продукты для здоровья,"Не рекомендуется детям, беременным женщинам, кормящим матерям и людям с хронической диареей. Улучшить желулочно-кишечную футов Взрослые: 1-2 капсулы 2 раза в день. Пожилые люди: 1 капсула 1 раз в день. В случае усиления диареи после приема рекомендуется снизить дозировку. Важно: дозировку можно корректировать",,,,assets/img/products/catalog-525-1.jpg,assets/catalog-source/img525.jpg,525,False
catalog-526-1,Morefuture,Morefitene Капсулы с порошком спор ганодермы Colliwad Broken,Продукты для здоровья,"irma Eseldum Sperr Pandur Cal Коэффициент разрыва стенки порошка спор 299%; Отборное высококачественное сырье; Применяется линчжи с горы Уншань, где собирается только споровый порошок в течение первых 50 дней; Отобранные оболочки капсул из растительных Лучшее сырье - лучшая защита, Без ГМО, без остатков пестицидов, без проблем с",,,,assets/img/products/catalog-526-1.jpg,assets/catalog-source/img526.jpg,526,False
catalog-527-1,Morefuture,Капсулы с порошком мицелия кордицепса Натуральная биологически активная добавка для,Продукты для здоровья,"омоложения организма, укрепления иммунитета и поддержки физической и умственной деятельности. Экстракт кордицепса (Cordyceps sinensis) - натуральный лекарственный гриб, который укрепляет иммунную систему, замедляет процессы старения и Lamg muśnemng & sidney smilyies Кислота и полисахариды кордицепса - каждая капсула эквивалентна 3,8 высококачественным кордицепсам,",,,,assets/img/products/catalog-527-1.jpg,assets/catalog-source/img527.jpg,527,False
catalog-529-1,Morefuture,"Капсулы с мака Натуральный продукт для поддержки работы почек, Morefatent",Продукты для здоровья,"повышения энергии и улучшения общего физического Экстракт корня маки - богат важными минералами и аминокислотами, стимулирует выработку гормонов и Тонгкат Али (Eurycoma longifolia) - национальное достояние Малайзии, способствует повышению уровня тестостерона, увеличению мышечной массы и повышению физической выносливости. Комплекс натуральных растительных экстрактов -",,,,assets/img/products/catalog-529-1.jpg,assets/catalog-source/img529.jpg,529,False
catalog-533-1,Morefuture,Кофе Мака Натуральные растительные экстракты Mansfitin,Продукты для здоровья,повышают энергию и помогают бороться с Решают мужские проблемы и помогают Увлажняют и питают организм; Восстанавливают физическую энергию; Используются натуралные высококачественные Повышают иммунитет против болезней: Регулируют эндокринную функцию; Без добавления химических препаратов,,,,assets/img/products/catalog-533-1.jpg,assets/catalog-source/img533.jpg,533,False
catalog-534-1,Morefuture,Кофе с линчжи Функциональный кофе для поддержания Morefates,Продукты для здоровья,"иммунитета, повышения уровня энергии и Экстракт гриба Линчи (Красный Рейши) - содержит 6-глюканы, способствует укреплению иммунитета, поддержанию микрофлоры кишечника 100% арабика - проходит низкотемпературную обработку в течение 12 часов, обеспечивая мягкий Натуральный состав - не содержит химических добавок и искусственных консервантов.",,,,assets/img/products/catalog-534-1.jpg,assets/catalog-source/img534.jpg,534,False
catalog-536-1,Morefuture,Органический чай с грыбом линчжи Morefatene,Продукты для здоровья,"Этот продукт представляет собой чай в бумажных пакетиках, изготовленный из 100% органической плодовой массы линчжи, нарезанной на мелкие частицы. Чайное масло из линчжи имеет горьковатый вкус, но сладкое послевкусие. Не содержит глютена, лактозы, добавок и консервантов, может снять усталость и повысить иммунитет.",,,,assets/img/products/catalog-536-1.jpg,assets/catalog-source/img536.jpg,536,False
catalog-537-1,Morefuture,Жевательные таблетки с витамином С Мощное противостояние окислению: усиление напряжения и силы,Продукты для здоровья,"сопротивляемости кожи, предотвращение Меланин безопасен: стимулирует биологический синтез коллагена, усиливая Содействует поглощению железа: может улучшать использование железа, кальция и фолиевой кислоты, усиливая способность организма человека реагировать на внешние Свежий вкус сладкого апельсина, сочетание",,,,assets/img/products/catalog-537-1.jpg,assets/catalog-source/img537.jpg,537,False
catalog-538-1,Morefuture,Желатиновые капсулы с лютенном и бета-каротином брусники Morefaten,Продукты для здоровья,"Увлажняет сухие глаза, ослабляет утомление глаз, защищает сетчатку и дополняет натуральные питательные вещества для глаз. Три комбинации питательных веществ для более комплексной защиты глаз: Улучшает остроту зрения. Формирует эффективный синий светофильтр внутри сетчатки для защиты зрения.",,,,assets/img/products/catalog-538-1.jpg,assets/catalog-source/img538.jpg,538,False
catalog-539-1,Morefuture,"Ломтики женьшеня в меду Натуральный продукт для укрепления иммунитета,",Продукты для здоровья,"повышения энергии и улучшения пищеварения. Женьшень Чанбайшань (4-5 лет созревания) - Засахаренные и моду жоньшеновыю известен как «король растений», обладает высокой биоактивностью, насыщает организм необходимыми питательными веществами и Липовый мёд высшего качества - не содержит искусственных подсластителей, обладает",,,,assets/img/products/catalog-539-1.jpg,assets/catalog-source/img539.jpg,539,False
catalog-544-1,Berclean,Жидкость для мытья посуды с экстрактом лимона Экологически чистое средство для мытья посуды с,Уход за домом,"нежным освежающим растительным компонентом лимона, который не вызывает раздражений. Эффективно очищает жир и загрязнения с посуды, легко смывается, не оставляя плёнки. Имеет нейтральный рн-баланс, не повреждает кожу Не содержит фосфора и формальдегида",,,,assets/img/products/catalog-544-1.jpg,assets/catalog-source/img544.jpg,544,true
catalog-544-2,Berclean,Жидкость для мытя посуды с экстрактом бамбука,Уход за домом,"Особенности продукта: Нейтральная формула. содержащая натуральную уквую эссенцию, которая быстро и эффективно удаляет жир, легко смывается и не оставляет разводов и не",,,,assets/img/products/catalog-544-2.jpg,assets/catalog-source/img544.jpg,544,true
catalog-545-1,Berclean,Энзимная минерально-солевая жидкость для мытья посуды Добавление минеральной соли эффективно,Уход за домом,"очищает пятна с посуды, оставляя легкий аромат. Содержит различные энзимы, отобранные из датского импорта, для быстрого и эффективного удаления жира и пятен с кухонной и столовой Мягкий поверхностно-активный и увлажняющий ингредиент, который бережно относится к коже и заботится о ваших руках, чтобы вы не чувствовали сухости и дискомфорта после использования.",,,,assets/img/products/catalog-545-1.jpg,assets/catalog-source/img545.jpg,545,False
catalog-545-2,Berclean,"Высокоэффективное средство для удаления жира с кухни Супермощная, экологически чистая формула:",Уход за домом,"Очищает от тяжелых нефтяных загрязнений. эффективно устраняя масляные загрязнения и глубоко проникая в поверхность. Легкость в использовании — нет необходимости Свежий и ароматный, после распыления остается чистый, не резкий запах.",500 мл,,,assets/img/products/catalog-545-2.jpg,assets/catalog-source/img545.jpg,545,False
catalog-546-1,Berclean,Моющее Средство Для посуды Высокоактивное действующее вещество для быстрого удаления масляных,Уход за домом,"Безопасное избавление от загрязнений при небольшом объеме использования, при этом Легко смывается с вымытой посуды. Заботится о руках, увлажняя и ухаживая, Натуральный фруктовый аромат, свежий и",,,,assets/img/products/catalog-546-1.jpg,assets/catalog-source/img546.jpg,546,False
catalog-546-2,Berclean,"Жидкость для мытья посуды с апельсиновым ароматом Богат активными ингредиентами, эффективно",Уход за домом,"удаляет масло и жир, быстро смывается Легко ополаскивается, очищается и быстро проходит через воду, экономя воду и энергию. Эфирное масло сладкого апельсина эффективно растворяет жирные пятна и бережно защищает руки, легко смывается, не оставляя загрязнений. Нежная ботаническая формула с нейтральным рН, не",1.5 кг,,,assets/img/products/catalog-546-2.jpg,assets/catalog-source/img546.jpg,546,False
catalog-547-1,Berclean,Природная жидкость для стирки с растительным экстрактом Стирка и уход с растительным экстрактом:,Уход за домом,"содержит растительный экстракт, который Не содержит фосфора и оптических отбеливателей, обеспечивая стирку и Натуральная растительная эссенция, без добавления вредных ингредиентов Отсутствие раздражения, бережный уход за",1 кг,,,assets/img/products/catalog-547-1.jpg,assets/catalog-source/img547.jpg,547,False
catalog-547-2,Berclean,Чистящая и антимикробная жидкость для стирки С антибактериальным эффектом: содержит,Уход за домом,"антибактериальные компоненты, которые эффективно удаляют бактерии с поверхности Мягкая и комфортная: нежная формула, приятная для кожи, легко смывается. Сфера применения:Подходит для всех видов белья, кроме шелковых, шерстяных и других",,,,assets/img/products/catalog-547-2.jpg,assets/catalog-source/img547.jpg,547,False
catalog-548-1,Berclean,Жидкость для стирки с стойким ароматом Ароматный эффект: содержит ароматические,Уход за домом,"эфирные масла, оставляющие и фиксирующие Обеззараживание и очищение: глубоко проникает в волокна ткани для эффективного Мягкие ингредиенты: без фосфора, пигмента, флуоресцентного отбеливателя. Подходит для всех видов одежды, стираемой водой, за исключением тонких тканей, таких как Удобная конструкция бутылки: разработанное",,,,assets/img/products/catalog-548-1.jpg,assets/catalog-source/img548.jpg,548,False
catalog-548-2,Berclean,Мультиэффектная обеззараживающая жидкость для стирки Мощное обеззараживание: глубокое очищение,Уход за домом,"Стирка и уход в одном: не содержит фосфора и оптических отбеливателей, обеспечивает защиту Синергетические факторы дезактивации: эффективно предотвращают повторное Нежный уход: бережно относится к вашим рукам, сочетая дезактивацию и мягкий уход.",,,,assets/img/products/catalog-548-2.jpg,assets/catalog-source/img548.jpg,548,False
catalog-549-1,Berclean,Многофункциональная жидкость для стирки Многофункциональная жидкость для стирки,Уход за домом,"сочетает в себе эффективное очищение и бережный уход. Она заботится о ваших руках и одежде, оставляя приятный аромат. Гель для стирки полностью растворяется даже в холодной воде, эффективно удаляя загрязнения и пятна. Легко вымывается при Не содержит фосфатов и оптических отбеливателей, обеспечивая безопасность и",,,,assets/img/products/catalog-549-1.jpg,assets/catalog-source/img549.jpg,549,False
catalog-549-2,Berclean,"Многофункциональная жидкость для стирки Удаляет загрязнения и пятна, полностью",Уход за домом,"Не содержит фосфора и оптических отбеливателей, что обеспечивает Сочетает очищение и уход, бережно заботится о ваших руках и одежде. Обладает мягкой формулой с приятным ароматом. Подходит для ручной и машинной стирки.",,,,assets/img/products/catalog-549-2.jpg,assets/catalog-source/img549.jpg,549,False
catalog-550-1,Berclean,Многофункциональные листы для стирки Профессиональное и высокоэффективное,Уход за домом,"следство для удаления загрязнении. Эффективно справляется с трудновыводимыми пятнами и следами от Содержит большое количество быстродействующих очищающих агентов, которые глубоко проникают в волокна ткани и Высокоэффективная формула специально разработана для удаления сложных",,,,assets/img/products/catalog-550-1.jpg,assets/catalog-source/img550.jpg,550,False
catalog-550-2,Berclean,"Смягчающий кондиционер для белья (с ароматом лаванды) Экологически чистая формула, основанная",Уход за домом,"Мягкий и не вызывающий раздражений состав делает ткань нежной, воздушной и приятной на ощупь, эффективно снимая складки, облегчает глажение, предотвращает появление заломов и поддерживает яркость цветов ткани, олагодаря чему оелье выглядит Содержит насыщенную парфюмерную отдушку, которая создает восхитительный,",,,,assets/img/products/catalog-550-2.jpg,assets/catalog-source/img550.jpg,550,False
catalog-551-1,Berclean,жидкое мыло для мытья рук с ромашковон пенон Жидкое мыло для мытья рук с экстрактом,Уход за домом,"одержит экстракт ромашки и увлажняющие компоненты, которые поддерживают мягкость кожи и обеспечивают её чистоту, придавая ей Растительная формула, бережно для оолее эффективного очищения использованием, оставляя кожу мягкой и коипежное мытье оук с этим мылом способствует поддержанию здоровья кожи,",,,,assets/img/products/catalog-551-1.jpg,assets/catalog-source/img551.jpg,551,true
catalog-551-2,Berclean,Жидкое мыло для рук с экстрактом алоз Удобный и освежающий,Уход за домом,"Защищает ваши руки. Содержит экстракт алоэ Вера. Мягкая пена. Увлажняет кожу. Жидкое мыло для рук с алоз вера - содержит экстракт Aloe Barbadensis, делает руки мягкими и чистыми, предает свежий аромат.",,,,assets/img/products/catalog-551-2.jpg,assets/catalog-source/img551.jpg,551,False
catalog-552-1,Berclean,"Двухцветное средство для чистки унитаза с двойным эффектом очистки, которое автоматически",Уход за домом,"дополнительную гигиеничность. яет неприятные запахи туалета. сто дукт обладает свежим запахом и быстро лагодаря технологии замедленного дения, продукт является прочным и зашитная пленка поелотвоашает контакт с эффективно удаляет пятна и осветляет нтиоактериальное деиствие и устранение",,,,assets/img/products/catalog-552-1.jpg,assets/catalog-source/img552.jpg,552,False
catalog-552-2,Berclean,Твердое средство для прочистки труб Ежедневное техническое обслуживание и,Уход за домом,"Подходит для регулярного ухода за трубопроводами, поддерживая их чистыми и в Эффективен даже при отсутствии явных засоров. Средство разлагает различные виды мусора и остатки, накопившиеся на стенках Регулярное использование предотвращает появление засоров и облегчает их устранение в Простой в использовании: раствор содержится в",,,,assets/img/products/catalog-552-2.jpg,assets/catalog-source/img552.jpg,552,False
catalog-553-1,Berclean,Средство для чистки туалета Отлично справляется с налётом и другими,Уход за домом,"загрязнениями, имеет научно разработанный состав, эффективно удаляет различные накапливающиеся в туалете загрязнения, такие как жёлтые пятна, ржавчина, налёт от Чистый аромат: Нежный и ненавязчивый. аромат не раздражает дыхательные пути, после применения средства остается лёгкий",,,,assets/img/products/catalog-553-1.jpg,assets/catalog-source/img553.jpg,553,False
catalog-553-2,Berclean,Жидкое средство для прочистки труб Высокоэффективное растворение.,Уход за домом,"Очищает и удаляет неприятные запахи. Не повреждает трубы. Уникальный состав и консистенция густого геля, которая не разбавляется застоявшейся Эффективное прочищение, проникает непосредственно к месту засора, быстро растворяет остатки засора и устраняет. Уникальный состав, безопасно и легко",,,,assets/img/products/catalog-553-2.jpg,assets/catalog-source/img553.jpg,553,False
catalog-555-1,BOCARE,Мужской Продолжительность Спрей bocare Целевая аудитория,Уход за интимной гигиеной,"Мужчины с врождённой длинной и формой пениса, не соответствующей норме. Те, кто практикует чрезмерную мастурбацию. Люди, испытывающие атрофию пениса из-за",,,,assets/img/products/catalog-555-1.jpg,assets/catalog-source/img555.jpg,555,False
catalog-555-2,BOCARE,on Selly fees,Уход за интимной гигиеной,"Стимулирует секрецию мужских гормонов и Укрепляет половую систему и способствует восполнению сексуальной энергии. Активизирует выработку гормонов и увеличивает Восстанавливает повреждённые ткани пещеристого тела и снимает усталость. Эффективно выводит токсины, устраняет сексуальную слабость и предотвращает",,,,assets/img/products/catalog-555-2.jpg,assets/catalog-source/img555.jpg,555,False
catalog-556-1,BOCARE,NMN Гель для интимной гигиены Не следует недооценивать частные,Уход за интимной гигиеной,,,,,assets/img/products/catalog-556-1.jpg,assets/catalog-source/img556.jpg,556,False
catalog-556-2,BOCARE,Вагинальный запах. Рост бактерий. Двенадцать целевых групп для охране,Уход за интимной гигиеной,Антиоактериальная чистка. Регулировка и уход за кожей. Придает жизненную силу. Сбалансированная микрофлора. Насыщенная и увлажненная. Подтягивает группы мышц. Восстанавливает слизистую оболочку. Глубокое восстановление.,,,,assets/img/products/catalog-556-2.jpg,assets/catalog-source/img556.jpg,556,False
catalog-557-1,BOCARE,Ухаживающие вкладыши для женщин,Уход за интимной гигиеной,,,,,assets/img/products/catalog-557-1.jpg,assets/catalog-source/img557.jpg,557,False
catalog-557-2,BOCARE,"переноски, чистая и гигиеническая. LADIES MAINTENANCE LINER Мягкая и комфортная: изготовлен из",Уход за интимной гигиеной,"длинноволокнистого хлопка из Синьцзяна, удобная и воздухопроницаемая, уменьшает раздражение кожи и Без следа вискозы: прокладочная оумага легкс разрывается, не оставляет следов вискозы и остаётся Teal lettest Time see hill Matesi reme Тонкая толщина: комфортный и дышащий, создаёт Равномерное распределение состава: содержит натуральную китайскую травяную сыворотку, мелкий",,,,assets/img/products/catalog-557-2.jpg,assets/catalog-source/img557.jpg,557,False
catalog-558-1,BOCARE,Ухаживающие вкладыши для мужчин,Уход за интимной гигиеной,,,,,assets/img/products/catalog-558-1.jpg,assets/catalog-source/img558.jpg,558,False
catalog-558-2,BOCARE,гигиеническая. MEN'S MAINTENANCE LINER Мягкая и комфортная: изготовлен из,Уход за интимной гигиеной,"длинноволокнистого хлопка из Синьцзяна, удобная и воздухопроницаемая, уменьшает раздражение кожи Без следа вискозы: прокладочная бумага, конструкция легко разрывается, без следов вискозы Тонкая толщина: комфортная и дышащая, Равномерное распределение состава: добавлена натуральная китайская травяная сыворотка, порошок тонкий, свежий травяной",,,,assets/img/products/catalog-558-2.jpg,assets/catalog-source/img558.jpg,558,False
catalog-559-1,BOCARE,"моющая жидкость для интимной гигиены Слабокислотная формула, бережная защита.",Уход за интимной гигиеной,,,,,assets/img/products/catalog-559-1.jpg,assets/catalog-source/img559.jpg,559,False
catalog-559-2,BOCARE,"Поддерживает стабильный баланс микробной флоры, приближённый к естественной среде интимной зоны.",Уход за интимной гигиеной,Сочетание двух вида товара защищает здоровье. Ежедневный уход для гигиены. При купании в источнике предотвращает,,,,assets/img/products/catalog-559-2.jpg,assets/catalog-source/img559.jpg,559,False
catalog-561-1,Miaorou,Бумага из бамбукового волокна натурального цвета в рулонах,Салфетки и бумага,"натуральное, без раздражения. Сырьё отбирается из естественной бамбуковой целлюлозы, сохраняет природный цвет бамбукового волокна, бумага здоровая, без отбеливания.",,,,assets/img/products/catalog-561-1.jpg,assets/catalog-source/img561.jpg,561,False
catalog-561-2,Miaorou,Салфетка из бамбукового волокна Естественный цвет создаёт здоровые и качественные,Салфетки и бумага,"Экологическая добыча бамбуковых волокон - от бамбуковых лесов до бамбуковых салфеток. Процесс включает только физическое изменение, что делает продукт естественным и чистым. Трёхслойное утопщённое бамбуковов волокно для Бамбуковое волокно имеет поры, похожие на соты, с полым поперечным сечением, что позваляет быстро впитывать большое количество воды",,,,assets/img/products/catalog-561-2.jpg,assets/catalog-source/img561.jpg,561,False
catalog-561-3,Miaorou,Рулоновые салфетки из бамбукового волокна Тщательно отобранная бамбуковая,Салфетки и бумага,целлюлоза сохраняет естественный цвет неотбеленного бамбукового волокна. Без оптических отбеливателей для максимальной безопасности при Бумажные полотенца остаются прочными На протяжении всего процесса применяются строгие меры контроля,,,,assets/img/products/catalog-561-3.jpg,assets/catalog-source/img561.jpg,561,False
catalog-561-4,Miaorou,Рулонная бумага из бамбукового волокна Натуральный цвет без обесцвечивания.,Салфетки и бумага,"Качественное бамбуковое волокно. Сильная мягкость, Шелковистое ощущение Четыре слоя, утолщённые, с гибкостью и Чистый слив, без остатков бумажных хлопьев. Для сырья отбирается натуральная целлюлоза из бамбука, сохраняется первоначальный цвет и полые микропоры озмоукового волокна. Влажные и мягкие, мгновенно впитывают влагу.",,,,assets/img/products/catalog-561-4.jpg,assets/catalog-source/img561.jpg,561,False
catalog-562-1,Miaorou,"Эластичные трёхслойные салфетки из бамбукового волокна Выбраны длинноволокнистые бамбуковые волокна. Нежные, мягкие и приятные для кожи.",Салфетки и бумаги,"Легко вынимать. Тройная толщина, двойная защита. Бумага прочная и эластичная. Легко мяться, не распадается на клочки. Чистая и экологичная, более комфортная при использовании. Не так легко разрушается от воздействия влажной воды.",,,,assets/img/products/catalog-562-1.jpg,assets/catalog-source/img562.jpg,562,False
catalog-562-2,Miaorou,"Хлопковое Мягкое Компрессионное Полотенце Новый вариант для купания в дороге Отборны растительные волокна,Не линяет и не пушится,Не ломается, Мгновенно",Салфетки и бумаги,"раскрывается при попадании воды. Поверхность ткани однородная и нежная, Гибкая и приятная для кожи, Обладает Высокой Впитывающей Способностью,Без флуоресцентных агентов,Можно использовать с Компактный размер, Герметичная упаковка, Легко переносится.",22,,,assets/img/products/catalog-562-2.jpg,assets/catalog-source/img562.jpg,562,False
catalog-563-1,Miaorou,"Салфетки для очистки лица Плотные и приятные для кожи, Мягкие и комфортные. Nice Ban",Салфетки и бумаги,"Сверхмягкие растительные волокна,EF утолщенный Соответствует текстуре кожи, Обладает более высокой Растительные волокна обладают высокой чистотой, Без",,,,assets/img/products/catalog-563-1.jpg,assets/catalog-source/img563.jpg,563,False
catalog-563-2,Miaorou,"Детские влажные салфетки (Мини салфетки × 8 пачек) Без пигментов, алкоголя и ароматизаторов. Чистая вода EDI: Чистая вода EDI обрабатывается по технологии",Салфетки и бумаги,"12-слойной очистки, что делает её более полезной для здоровья, чем обычная питьевая вода. Для очистки используется технология электрической деионизации, которая удаляет растворённые Экстракт солодки: Лимонная кислота, источник растительной ферментации, используется для регулирования значения рН которое является слабокислым и близким к рН человеческой кожи. Биоразлагаемый нетканый материал из растительных волокон. Имеет тонкую текстуру, нежный и без заусенцев.",,,,assets/img/products/catalog-563-2.jpg,assets/catalog-source/img563.jpg,563,False
catalog-564-1,Miaorou,"Влажные очищающие салфетки для малышей Утолщённое, увеличенное, с плывущими точками, из нетканого материала. Обладает более сильной очищающей способностью и",Салфетки и бумаги,"не осыпает волокна при использовании. Специально добавленный натуральный экстракт апоз и витамин Е для ухода за нежной детской кожей. Высококачественный метод плетения поперечного покрытия Не легко деформируется, не распушивается, что позволяет лучше удерживать воду и делает салфетки более долговечными. Specification:80 wipes (180mm x 200mm)",,,,assets/img/products/catalog-564-1.jpg,assets/catalog-source/img564.jpg,564,False
catalog-565-1,Miaorou,"Влажные салфетки для кухни Быстро устраняет масляные пятна, не требует смывания и не оставляет следов",Салфетки и бумаги,"Содержит лимонный экстракт, чистый и нежный, не повреждает кожу Изготовлена из мягкого нетканого материала с высокой плотностью хлопка, с текстурой натурального хлопка, упругая и плотная, обладает Спецификация: 50шт180 мм × 200 мм",,,,assets/img/products/catalog-565-1.jpg,assets/catalog-source/img565.jpg,565,False
catalog-568-1,Miaorou,Хлопковый тампон (черный) Высококачественная вата,Другие товары,"обеспечивающая видимость грязевого ндивидуальная упаковка в корооке для Экологичная пластиковая упаковка из РР анитзоно-гигиенична и не имеет хорошо подходит для разных целей и атнои головки спосооствуют ооле зависимо от того используется пи продукция для чистки ушеи, очистки кожи,",,,,assets/img/products/catalog-568-1.jpg,assets/catalog-source/img568.jpg,568,False
catalog-568-2,Miaorou,Липкий ролик для бытовой чистки Свернуть и приклеить. Прощайте с,Другие товары,"остатками комков волос. Не повреждает Дизайн барабана, материал РР, клейкая бумага. Легко удаляет ворс с одежды. Косой дизайн с прорезью — легко Инновационная диагональная конструкция разрыва, более удобная в Универсальный. Аккуратно прокатайте, чтобы удалить",,,,assets/img/products/catalog-568-2.jpg,assets/catalog-source/img568.jpg,568,False
catalog-568-3,Miaorou,Мешки для мусора с автоматическим затягиванием Мешки для мусора с автоматически,Другие товары,"затягиваемым отверстием. Обеспечивают чистоту в вашем жизненном пространстве. Высококачественный полиэтиленовый материал (РЕ), выдерживающий большой вес, крепкий и Сильная гибкость, стойкость к прокалыванию Больше спокойствия при размещении бытового Верёвки для затягивания в двух направлениях. Удобное завязывание запечатываемого",,,,assets/img/products/catalog-568-3.jpg,assets/catalog-source/img568.jpg,568,False
catalog-569-1,OKFAD,Согревающая паровая маска для глаз (с ароматом лаванды) FOA CE,Другие товары,"Уникальная запатентованная технология с кольцом для защиты зрачка. Размер зоны без нагревающегося наполнителя в центре маски составляет 12 мм, что обеспечивает ощущение большей безопасности. Технология точного контроля температуры. Нагрев до 42 градусов и большой объем пара. Полностью насладитесь Отборные эластичные резинки для фиксации на ушах. Комфорт без натяжения. Насладитесь уютом и заботой.",,,,assets/img/products/catalog-569-1.jpg,assets/catalog-source/img569.jpg,569,False
catalog-570-1,OKFAD,"Стакан для получения оздоровительной воды Стакан высокий, При этом пыленепроницаемость",Другие товары,Изделие отличается износостойкостью и устойчивостью к Поверхность обработана с помощью технологии Улучшенное дно обеспечивает наслаждение прекраснойводой до последней капли. тепло зимой и прохладу летом. Модный красивый : изящные плавные линии.,,,,assets/img/products/catalog-570-1.jpg,assets/catalog-source/img570.jpg,570,False
catalog-570-2,OKFAD,BREAT,Другие товары,,,,,assets/img/products/catalog-570-2.jpg,assets/catalog-source/img570.jpg,570,True
catalog-571-1,OKFAD,"Складные поляризованные солнцезащитные очки Легкие и портативные, антибликовые.",Другие товары,"Суперчеткий обзор, Универсальные сочетания. Сверхлегковесный технологический материал TR90. Сверхлегкий полимерный материал с эффектом памяти. Плотность всего 1,14 Вес в два раза меньше, чем у Защитная пленка из высокомолекулярного соединения, содержащая компонент для защиты от ультрафиолетовых 100% блокирует ультрафиолетовые лучи, Обеспечивает Поляризованный ТАС-объектив высокой",,,,assets/img/products/catalog-571-1.jpg,assets/catalog-source/img571.jpg,571,False
catalog-572-1,OKFAD,"Электрическая зубная щетка Две насадки на выбор Щетина дюпона: эффективно очищает желтые зубы, пятна от",Другие товары,"Тайландские мягкие и чувствительные KR щетинки: улучшают состояние при пародонтите, опухших деснах и Щетина Дюпона. Щетина с высокой плотностью посадки, на 40% больше щетинок, что позволяет глубже очищать десны от пятен. Закругленные щетинки с коэффициентом закругления 93%, что позволяет использовать их без повреждения зубов. Тайландские мягкие и чувствительные KR щетинки.",,,,assets/img/products/catalog-572-1.jpg,assets/catalog-source/img572.jpg,572,False
catalog-573-1,FAMALL,"Внешний аккумулятор Быстрая зарядка мощностью 120Вт. Высококачественный продукт,Оснащен четырьмя",Другие товары,"проводами, Интеллектуальным цифровым дисплеем. Оснащен (светодиодным освещением), Включение режима освещения создает тепло повсюду. Девятикратная) защита цепи,Более безопасная и надежная. Защита от перегрева, Защита от перенапряжения, Защита от Соответствует авиационным стандартам перевозки (Четыре цвета) по желанию. Размер продукта: 101,5*65,8*29мм",,,,assets/img/products/catalog-573-1.jpg,assets/catalog-source/img573.jpg,573,False
catalog-574-1,OKFAD,"Спиральная зубная щётка Чистит зубы, защищает десны и экономит усилия. Щетка с тонкой, гибкой и мягкой щетиной, защищающей",Другие товары,"Диаметр щетины: ≤0,01 мм. Спиральная заточка щетины для более тщательной очистки Спиральная щетка с мягкой резиновой ручкой, удобно Задняя часть ручки из мягкой резины. Профессиональная сертификация, заслуживающая",,,,assets/img/products/catalog-574-1.jpg,assets/catalog-source/img574.jpg,574,False
catalog-574-2,OKFAD,Syirl Trothbash Спиральна зубная шётся,Другие товары,,,,,assets/img/products/catalog-574-2.jpg,assets/catalog-source/img574.jpg,574,True
catalog-578-1,OKFAD,"Керамический очиститель воды для ультрафильтрации Картридж содержит KDF (Kinetic Degradation Fluxion),",Другие товары,"широко известный как ""водное золото"" подавляет размножение бактерий в воде и удаляет ионы тяжелых металлов. Это новый и экологически чистый",,,,assets/img/products/catalog-578-1.jpg,assets/catalog-source/img578.jpg,578,False
catalog-578-2,OKFAD,Восстанавливает качество воды и имеет длительный срок TRAITIATION CERAMIC WATER PESOFTER КЕРМУЕСКИЙ ОЧИСТИТЕЛЬ ВОДІЙ ДЛЯ,Другие товары,"Внешний материал. Используемая нержавеющая сталь марки 304 пищевого уровня (сталь марки 304 широко используется в промышленности, декоративной мебели, а также в пищевой и",,,,assets/img/products/catalog-578-2.jpg,assets/catalog-source/img578.jpg,578,False
catalog-582-1,OKFAD,"Мочалка для душа Мягкий материал нескольких цветов: красивый и модный. Сетка тонкая и мягкая, хорошо взбивает богатую пену.",Другие товары,"Наслаждайтесь ванной с пеной. Отверстия сетки тонкие, пышная и мягкая: изготовлена из материала РЕ, который мягкий, удобный, прочный и Аккуратно втирает, создает обильную пену: наслаждайтесь Плотное обвязывание: не распускается, не нужно беспокоиться о проблемах с разматыванием. Дизайн с шнурком: можно подвесить для сушки, удобно в",,,,assets/img/products/catalog-582-1.jpg,assets/catalog-source/img582.jpg,582,False
catalog-583-1,Berclean,Scale Remover Средство для удаления накиши,Другие товары:,,,,,assets/img/products/catalog-583-1.jpg,assets/catalog-source/img583.jpg,583,False
catalog-583-2,Berclean,"Очиститель бака стиральной машины Удаление загрязнений активным кислородом: эффективно удаляет загрязнения, проникает в грязь и",Другие товары:,"Стерилизация и отсутствие запаха: не вызывает коррозии металлов и не оставляет неприятного запаха. Удаление грязи и мыльных пятен: очищает бак стиральной машины, способствует более долгому сроку службы устройства и делает стирку более чистой. Размягчение и разложение загрязнений: эффективно размягчает и разрушает грязь, пятна и остатки моющих средств, которые удаляются с водой.",,,,assets/img/products/catalog-583-2.jpg,assets/catalog-source/img583.jpg,583,False
catalog-584-1,OKFAD,Брендовый комплект для ухода за ногтями (19 предметов) Инструмент для ухода за руками и ногами:,Другие товары,"азнообразные инструменты для ухода за ногтями • Применение инноваций на руках и ногах легко справляются с задачами, связанными с уходом за ногтями на руках и ногах количество шлифовок лезвия учитывает потребности каждого пользователя. Особый технологический процесс обеспечивает Рукоятка с противоскользящей текстурой: выполнена монолочной конструкцией",1 шт,,,assets/img/products/catalog-584-1.jpg,assets/catalog-source/img584.jpg,584,False
catalog-584-2,OKFAD,"Фильтроэлемент для стакана для получення оздоровительной воды Небольшие молекулярные группы воды,",Другие товары,"минерализация ионами цинка, водород Вода остается свежей и сохраняет свой с рубки с иогнутыми лезвиями, врекда онорые: фильтруе и материал кот имитирный естественную природную среду, подооную горным расщелинам. легкое встряхивание превращает обычную питьевую воду в технология расположен на крышке стакана стряхивание имитирует движение воды в",,,,assets/img/products/catalog-584-2.jpg,assets/catalog-source/img584.jpg,584,False
catalog-584-3,OKFAD,пластиковый складной табурет Портативная складная конструкция: добное хранение и экономия места,Другие товары,"Прочный полипропиленовый материзл высокая прочность и отличная несущая Разнообразие цветов и технических характеристик: подходит для разных Конструкция с удобной ручкой: эргономичный дизайн ручки для легкости переноски, табурет удобно носить с собой Качественный и комфортный: корпус",1 шт,,,assets/img/products/catalog-584-3.jpg,assets/catalog-source/img584.jpg,584,False
catalog-585-1,Predawn,HERBAL SLEEPING FOOT PATCH,Другие товары:,,,,,assets/img/products/catalog-585-1.jpg,assets/catalog-source/img585.jpg,585,False
catalog-585-2,Predawn,"Пластырь для стоп с травами для сна Эссенция отборных растений: включает эссенцию полыни, имбиря и бамбукового древесного угля.",Другие товары:,"Натуральный состав: без добавок, каждый компонент — это экстракты растений и дерева природы. Травяная формула: эффективно поглощает влагу и помогает снять усталость с тела. Тепловой эффект: согревает ноги, рассеет холод и способствует расслаблению ума. Без консервантов: мягкий и натуральный состав, без",,,,assets/img/products/catalog-585-2.jpg,assets/catalog-source/img585.jpg,585,False
catalog-586-1,Predawn,Нагревательный пластырь Горячий компресс с постоянной температурой на 4,Другие товары,"часа: Температура поддерживается на уровне 48°С, что позволяет быстро отводить тепло и глубоко питать суставы, Растительные сырья: Освобождают природную энергию, оказывая положительное воздействие на тело. Горячий компресс: Снимает усталость по всему телу, обеспечивает комплексный уход за акупунктурными очками. Наносите пластырь с теплом на нужные участки тела. Компактный и удобный: Маленький и легкий пластырь,",,,,assets/img/products/catalog-586-1.jpg,assets/catalog-source/img586.jpg,586,False
catalog-588-1,LIMANCY,Травяной лосьон-тоник (Антибактериальный) Улучшение кровообращения и восстановление,Другие товары,"Активирует внутреннее тепло, высвобождая целебную силу",,,,assets/img/products/catalog-588-1.jpg,assets/catalog-source/img588.jpg,588,False
catalog-588-2,LIMANCY,"вызывающие раздражения, основанные на принципах традиционной китайской медицины. Роликовый аппликатор для точного и удобного нанесения",Другие товары,"Компактный формат позволяет использовать средство в Уникальный дизайн с функцией гуаша в основании Нанесите масло и выполните массаж гуаша: помогает улучшить циркуляцию, снять напряжение и вывести холод и",,,,assets/img/products/catalog-588-2.jpg,assets/catalog-source/img588.jpg,588,False
